respid,countrycode,q13_1,q13_2,q13_3,q13_4,q13_5,q13_6,q13_7,q13_8,q13_9
7762,1040,6,2,3,1,9,2,96,96,96
7801,1040,7,5,6,0,10,3,96,96,96
7904,1040,3,4,5,0,10,3,96,96,96
9223,1040,2,3,2,98,10,10,96,96,96
9338,1040,6,2,3,3,10,5,96,96,96
99,1040,3,5,8,4,7,2,96,96,96
9672,1040,7,4,4,1,8,3,96,96,96
9753,1040,3,5,3,0,10,4,96,96,96
9989,1040,4,10,5,5,6,4,96,96,96
10559,1040,6,2,7,3,9,1,96,96,96
10722,1040,9,3,6,2,10,5,96,96,96
10882,1040,6,5,5,2,10,3,96,96,96
11029,1040,5,4,1,5,0,2,96,96,96
11228,1040,8,4,5,6,10,2,96,96,96
11327,1040,6,4,6,2,7,3,96,96,96
11741,1040,6,4,98,0,8,98,96,96,96
12208,1040,7,2,6,1,10,1,96,96,96
12320,1040,5,1,6,3,10,1,96,96,96
12369,1040,8,4,6,3,10,5,96,96,96
15201,1040,10,4,6,4,10,5,96,96,96
15213,1040,7,5,6,2,10,3,96,96,96
15451,1040,5,0,9,3,10,6,96,96,96
15557,1040,8,4,5,3,10,4,96,96,96
15738,1040,10,4,0,0,10,2,96,96,96
16833,1040,6,6,5,4,5,5,96,96,96
17096,1040,0,0,0,0,5,0,96,96,96
17097,1040,5,5,6,5,10,5,96,96,96
17099,1040,9,3,7,2,10,0,96,96,96
17102,1040,5,5,5,98,10,98,96,96,96
17103,1040,6,3,98,3,10,4,96,96,96
17106,1040,9,2,4,2,10,4,96,96,96
17107,1040,5,2,4,0,8,0,96,96,96
17110,1040,7,3,5,4,7,2,96,96,96
17112,1040,98,98,98,98,98,98,96,96,96
17114,1040,7,5,5,3,10,3,96,96,96
17116,1040,6,7,8,6,6,7,96,96,96
17118,1040,8,1,7,4,10,98,96,96,96
17120,1040,4,1,9,5,3,9,96,96,96
17124,1040,6,3,5,1,9,3,96,96,96
17128,1040,5,3,3,2,5,3,96,96,96
17131,1040,8,4,6,3,8,3,96,96,96
17134,1040,8,4,6,2,10,3,96,96,96
17136,1040,6,0,4,0,10,3,96,96,96
17137,1040,0,2,5,0,10,1,96,96,96
17138,1040,3,0,0,0,6,0,96,96,96
17142,1040,5,3,5,2,10,2,96,96,96
17143,1040,8,4,3,2,10,2,96,96,96
17145,1040,6,2,5,0,9,0,96,96,96
17146,1040,8,0,7,4,10,5,96,96,96
17149,1040,5,3,3,3,7,1,96,96,96
17152,1040,4,4,0,3,8,3,96,96,96
17153,1040,3,0,0,0,5,0,96,96,96
17157,1040,7,4,3,4,9,98,96,96,96
17158,1040,6,5,4,3,9,2,96,96,96
17160,1040,7,4,98,7,10,5,96,96,96
17163,1040,10,0,6,3,9,0,96,96,96
17165,1040,6,2,2,0,10,2,96,96,96
17167,1040,8,4,5,2,10,2,96,96,96
17169,1040,4,4,3,2,7,4,96,96,96
17170,1040,7,5,4,2,10,4,96,96,96
17171,1040,7,0,2,0,10,0,96,96,96
17175,1040,9,4,6,4,10,4,96,96,96
17182,1040,6,4,3,0,10,3,96,96,96
17184,1040,6,2,5,0,10,1,96,96,96
17185,1040,2,2,0,0,10,6,96,96,96
17195,1040,9,4,5,3,10,4,96,96,96
17198,1040,7,4,4,98,98,0,96,96,96
17199,1040,7,2,2,0,8,1,96,96,96
17200,1040,9,5,6,3,10,4,96,96,96
17206,1040,98,98,98,98,98,98,96,96,96
17207,1040,7,5,2,2,9,4,96,96,96
17208,1040,7,2,3,4,10,5,96,96,96
17212,1040,8,2,6,2,9,4,96,96,96
17213,1040,8,5,5,4,9,2,96,96,96
17214,1040,8,3,6,1,10,3,96,96,96
17225,1040,7,4,4,3,10,2,96,96,96
17226,1040,0,0,0,1,10,1,96,96,96
17228,1040,4,6,3,1,3,5,96,96,96
17230,1040,9,6,1,3,10,4,96,96,96
17237,1040,9,4,4,8,3,5,96,96,96
17240,1040,10,0,3,0,10,5,96,96,96
17242,1040,6,8,7,4,0,3,96,96,96
17243,1040,98,98,98,98,5,98,96,96,96
17245,1040,7,4,6,2,10,1,96,96,96
17247,1040,7,0,3,0,8,2,96,96,96
17253,1040,8,2,9,4,10,4,96,96,96
17262,1040,6,2,3,2,10,7,96,96,96
17267,1040,8,4,6,3,10,1,96,96,96
17273,1040,7,5,3,1,8,2,96,96,96
17274,1040,7,6,3,3,10,2,96,96,96
17278,1040,8,5,2,4,8,0,96,96,96
17284,1040,9,4,7,3,10,2,96,96,96
17286,1040,8,4,2,0,10,2,96,96,96
17291,1040,1,7,5,8,5,8,96,96,96
17294,1040,7,1,4,3,9,2,96,96,96
17299,1040,6,3,98,4,9,4,96,96,96
17301,1040,7,3,7,4,9,98,96,96,96
17303,1040,8,0,6,1,9,0,96,96,96
17306,1040,10,6,6,1,10,2,96,96,96
17308,1040,3,6,8,7,4,6,96,96,96
17309,1040,10,4,7,1,10,4,96,96,96
17312,1040,6,2,4,0,8,0,96,96,96
17316,1040,5,0,4,5,8,0,96,96,96
17319,1040,5,4,3,1,9,2,96,96,96
17334,1040,9,7,3,2,10,1,96,96,96
17346,1040,8,5,2,2,10,7,96,96,96
17350,1040,7,3,6,4,10,98,96,96,96
17352,1040,6,4,6,3,10,0,96,96,96
17353,1040,8,0,3,0,10,0,96,96,96
17361,1040,8,3,5,6,0,5,96,96,96
17366,1040,10,3,4,4,10,98,96,96,96
17377,1040,6,7,6,5,4,5,96,96,96
17385,1040,2,2,2,2,5,3,96,96,96
17387,1040,5,5,5,98,0,0,96,96,96
17390,1040,5,0,4,3,10,3,96,96,96
17396,1040,8,8,5,8,4,8,96,96,96
17397,1040,3,4,0,0,8,0,96,96,96
17398,1040,7,4,6,4,10,3,96,96,96
17399,1040,2,3,5,4,10,4,96,96,96
17405,1040,6,2,4,1,10,3,96,96,96
17406,1040,4,5,3,2,10,3,96,96,96
17423,1040,6,8,7,7,10,8,96,96,96
17427,1040,3,0,0,0,10,0,96,96,96
17430,1040,6,0,5,0,10,1,96,96,96
17439,1040,7,4,6,3,10,2,96,96,96
17453,1040,9,5,6,2,10,4,96,96,96
17460,1040,6,2,4,0,10,4,96,96,96
17467,1040,6,2,0,0,7,5,96,96,96
17478,1040,6,1,4,0,9,0,96,96,96
17482,1040,10,3,5,3,10,0,96,96,96
17486,1040,8,2,6,3,10,4,96,96,96
17487,1040,5,3,5,6,10,5,96,96,96
17494,1040,5,3,98,98,10,7,96,96,96
17514,1040,7,3,5,2,10,2,96,96,96
17515,1040,5,4,3,0,10,0,96,96,96
17520,1040,6,98,6,0,8,3,96,96,96
17522,1040,98,98,98,98,0,98,96,96,96
17525,1040,7,5,6,1,10,1,96,96,96
17527,1040,5,10,9,3,10,3,96,96,96
17529,1040,8,4,5,3,10,5,96,96,96
17532,1040,5,5,5,5,5,5,96,96,96
17535,1040,4,6,98,6,4,6,96,96,96
17537,1040,9,1,6,2,10,3,96,96,96
17539,1040,8,4,7,3,10,3,96,96,96
17545,1040,10,4,8,7,10,3,96,96,96
17546,1040,7,4,3,2,7,2,96,96,96
17547,1040,8,5,7,3,7,98,96,96,96
17559,1040,7,7,3,1,10,1,96,96,96
17566,1040,7,2,5,0,10,0,96,96,96
17567,1040,8,4,6,2,10,2,96,96,96
17574,1040,8,5,6,3,10,3,96,96,96
17587,1040,7,3,5,0,10,2,96,96,96
17589,1040,8,0,0,0,8,0,96,96,96
17591,1040,9,1,5,2,10,0,96,96,96
17594,1040,10,0,7,2,3,3,96,96,96
17599,1040,8,2,6,3,10,3,96,96,96
17601,1040,6,4,5,0,10,2,96,96,96
17602,1040,6,3,7,1,10,1,96,96,96
17611,1040,7,1,4,1,10,4,96,96,96
17630,1040,7,3,4,2,8,3,96,96,96
17641,1040,7,3,2,5,10,5,96,96,96
17642,1040,7,0,5,0,7,0,96,96,96
17646,1040,7,3,5,3,10,2,96,96,96
17665,1040,10,3,5,2,10,1,96,96,96
17672,1040,6,3,5,4,8,3,96,96,96
17676,1040,9,4,4,1,10,1,96,96,96
17683,1040,10,0,5,0,10,0,96,96,96
17686,1040,98,98,98,98,98,98,96,96,96
17693,1040,6,3,5,0,10,2,96,96,96
17701,1040,0,1,2,2,1,0,96,96,96
17705,1040,7,5,7,4,10,3,96,96,96
17706,1040,0,0,0,98,98,98,96,96,96
17710,1040,1,8,3,2,6,2,96,96,96
17713,1040,4,8,5,5,10,98,96,96,96
17719,1040,7,4,6,3,7,3,96,96,96
17721,1040,6,0,4,5,10,6,96,96,96
17722,1040,7,1,7,0,10,0,96,96,96
17725,1040,9,2,4,0,10,1,96,96,96
17726,1040,6,4,4,3,10,4,96,96,96
17731,1040,7,5,6,6,3,4,96,96,96
17735,1040,9,1,6,4,10,5,96,96,96
17742,1040,8,4,4,0,9,0,96,96,96
17749,1040,7,4,6,3,6,2,96,96,96
17751,1040,4,7,5,6,5,6,96,96,96
17770,1040,8,3,5,2,10,1,96,96,96
17771,1040,98,98,98,98,98,98,96,96,96
17772,1040,7,4,4,3,9,1,96,96,96
17774,1040,98,98,2,2,98,98,96,96,96
17785,1040,10,3,5,2,5,0,96,96,96
17786,1040,7,3,5,0,9,3,96,96,96
17791,1040,6,1,6,1,7,1,96,96,96
17792,1040,5,0,0,0,10,0,96,96,96
17794,1040,7,1,1,0,10,0,96,96,96
17795,1040,6,4,4,0,8,3,96,96,96
17800,1040,10,1,4,1,10,4,96,96,96
17802,1040,6,0,0,0,8,0,96,96,96
17811,1040,8,4,5,1,10,2,96,96,96
17820,1040,5,4,8,4,6,5,96,96,96
17821,1040,7,2,5,2,10,3,96,96,96
17826,1040,5,3,5,0,10,0,96,96,96
17832,1040,9,3,7,1,10,1,96,96,96
17837,1040,6,2,5,8,7,4,96,96,96
17840,1040,6,4,4,0,10,5,96,96,96
17842,1040,8,8,10,0,0,0,96,96,96
17845,1040,6,2,6,2,10,5,96,96,96
17846,1040,6,8,9,7,6,8,96,96,96
17860,1040,7,2,3,1,8,3,96,96,96
17868,1040,98,98,98,98,98,0,96,96,96
17869,1040,5,3,4,2,8,0,96,96,96
17870,1040,3,2,0,0,5,0,96,96,96
17873,1040,8,3,6,1,10,98,96,96,96
17879,1040,98,98,98,98,98,98,96,96,96
17880,1040,5,0,0,0,5,0,96,96,96
17881,1040,9,3,5,2,10,98,96,96,96
17888,1040,7,4,5,5,10,10,96,96,96
17902,1040,7,0,0,0,10,0,96,96,96
17903,1040,7,3,5,4,9,4,96,96,96
17904,1040,8,4,98,1,9,98,96,96,96
17911,1040,6,7,4,2,9,3,96,96,96
17913,1040,7,0,0,0,10,0,96,96,96
17923,1040,1,3,3,0,10,3,96,96,96
17927,1040,10,5,5,3,10,3,96,96,96
17931,1040,7,0,5,0,8,1,96,96,96
17936,1040,8,4,5,2,10,3,96,96,96
17955,1040,10,2,2,5,10,3,96,96,96
17972,1040,8,5,6,2,10,0,96,96,96
17975,1040,5,0,4,0,10,0,96,96,96
17984,1040,6,2,8,1,8,1,96,96,96
17989,1040,5,1,1,1,6,2,96,96,96
18017,1040,8,0,8,3,10,0,96,96,96
18023,1040,7,1,4,0,10,0,96,96,96
18061,1040,10,5,8,3,10,2,96,96,96
18070,1040,8,3,5,2,10,1,96,96,96
18073,1040,6,2,5,0,10,5,96,96,96
18097,1040,6,3,98,5,7,5,96,96,96
18121,1040,10,3,98,9,98,98,96,96,96
18131,1040,10,2,5,4,10,1,96,96,96
18141,1040,6,4,5,1,9,5,96,96,96
18144,1040,4,0,1,0,6,1,96,96,96
18147,1040,10,4,10,2,10,3,96,96,96
18162,1040,4,1,3,0,6,0,96,96,96
18163,1040,3,1,4,1,9,1,96,96,96
18166,1040,9,5,4,3,10,5,96,96,96
18169,1040,9,1,2,2,7,3,96,96,96
18175,1040,7,3,5,0,7,3,96,96,96
18190,1040,5,2,4,0,7,0,96,96,96
18192,1040,9,5,8,3,10,4,96,96,96
18259,1040,5,10,0,0,10,3,96,96,96
18289,1040,3,1,5,5,9,5,96,96,96
18319,1040,7,3,98,98,98,98,96,96,96
18321,1040,8,3,7,2,10,1,96,96,96
18323,1040,98,98,98,98,98,98,96,96,96
18331,1040,5,3,5,0,7,0,96,96,96
18334,1040,7,6,4,4,5,4,96,96,96
18337,1040,7,5,4,3,9,4,96,96,96
18346,1040,5,0,1,0,5,0,96,96,96
18362,1040,5,5,0,10,0,10,96,96,96
18374,1040,6,1,4,1,8,1,96,96,96
18403,1040,3,6,7,5,7,98,96,96,96
18410,1040,8,2,4,1,10,1,96,96,96
18425,1040,9,5,5,1,10,4,96,96,96
18433,1040,10,2,4,1,10,5,96,96,96
18460,1040,8,1,7,3,10,4,96,96,96
18464,1040,7,3,5,0,10,1,96,96,96
18486,1040,4,2,3,0,8,2,96,96,96
18503,1040,0,10,5,5,0,0,96,96,96
18507,1040,10,0,0,0,0,0,96,96,96
18510,1040,6,3,1,0,7,1,96,96,96
18513,1040,98,98,98,98,98,98,96,96,96
18517,1040,6,3,5,0,9,3,96,96,96
18539,1040,6,0,5,3,8,4,96,96,96
18548,1040,9,2,4,2,7,6,96,96,96
18554,1040,4,0,0,0,8,0,96,96,96
18557,1040,6,3,4,3,10,4,96,96,96
18562,1040,6,2,5,2,7,2,96,96,96
18566,1040,6,2,4,2,10,3,96,96,96
18571,1040,7,4,5,2,8,3,96,96,96
18576,1040,6,0,0,0,7,0,96,96,96
18579,1040,10,7,7,5,10,5,96,96,96
18585,1040,7,3,5,2,8,6,96,96,96
18622,1040,4,4,5,3,10,3,96,96,96
18623,1040,8,3,5,2,10,98,96,96,96
18632,1040,7,2,3,3,7,3,96,96,96
18644,1040,6,3,5,4,8,3,96,96,96
18646,1040,7,0,5,0,10,98,96,96,96
18648,1040,6,4,1,2,10,3,96,96,96
18652,1040,5,3,5,3,7,4,96,96,96
18658,1040,8,6,2,7,10,7,96,96,96
18664,1040,4,2,5,3,10,98,96,96,96
18665,1040,5,2,3,0,6,1,96,96,96
18672,1040,6,3,5,4,9,1,96,96,96
18681,1040,0,0,0,0,5,0,96,96,96
18683,1040,10,3,8,0,10,3,96,96,96
18699,1040,7,4,5,2,9,3,96,96,96
18706,1040,1,3,6,3,2,2,96,96,96
18713,1040,6,0,3,1,9,1,96,96,96
18737,1040,8,3,6,3,10,3,96,96,96
18741,1040,7,4,7,3,10,98,96,96,96
18745,1040,2,5,98,5,9,98,96,96,96
18748,1040,3,1,5,5,10,6,96,96,96
18768,1040,5,0,0,4,10,6,96,96,96
18769,1040,1,2,5,3,10,10,96,96,96
18785,1040,3,4,4,2,10,1,96,96,96
18790,1040,7,4,5,1,7,1,96,96,96
18803,1040,6,3,6,2,8,5,96,96,96
18808,1040,8,5,6,4,10,4,96,96,96
18820,1040,98,98,98,98,98,98,96,96,96
18845,1040,6,5,5,1,10,4,96,96,96
18885,1040,8,5,4,1,7,2,96,96,96
18904,1040,6,5,5,5,6,4,96,96,96
18947,1040,9,5,8,3,10,3,96,96,96
18967,1040,5,5,0,0,9,0,96,96,96
18990,1040,98,98,98,98,98,98,96,96,96
19062,1040,6,1,4,5,10,5,96,96,96
19082,1040,6,6,6,2,3,3,96,96,96
19085,1040,7,5,5,3,10,3,96,96,96
19086,1040,7,1,3,0,10,5,96,96,96
19148,1040,7,6,5,1,9,5,96,96,96
19149,1040,7,0,5,98,6,98,96,96,96
19154,1040,7,7,4,0,10,6,96,96,96
19155,1040,2,3,4,3,10,0,96,96,96
19180,1040,0,7,0,3,10,98,96,96,96
19183,1040,9,4,3,2,7,3,96,96,96
19184,1040,7,2,4,2,10,98,96,96,96
19202,1040,7,0,98,5,10,98,96,96,96
19215,1040,5,98,98,98,5,98,96,96,96
19284,1040,8,2,5,1,10,3,96,96,96
19302,1040,6,3,3,5,10,98,96,96,96
19305,1040,4,7,98,0,8,98,96,96,96
19316,1040,4,3,6,0,10,2,96,96,96
19319,1040,6,4,98,98,10,98,96,96,96
19322,1040,4,0,3,1,6,3,96,96,96
19384,1040,4,4,5,2,7,2,96,96,96
19387,1040,7,6,3,2,5,3,96,96,96
19404,1040,8,2,6,0,10,1,96,96,96
19421,1040,6,3,6,0,7,5,96,96,96
19431,1040,8,5,0,0,10,0,96,96,96
19446,1040,3,4,3,2,8,98,96,96,96
19472,1040,7,3,4,2,10,98,96,96,96
19513,1040,5,3,2,0,8,0,96,96,96
19515,1040,10,0,5,3,10,98,96,96,96
19517,1040,98,98,98,98,10,98,96,96,96
19575,1040,5,5,2,2,7,5,96,96,96
19622,1040,7,4,5,1,9,2,96,96,96
19662,1040,7,3,5,2,10,98,96,96,96
19720,1040,3,1,0,0,7,0,96,96,96
19729,1040,4,0,10,0,10,7,96,96,96
19739,1040,6,3,5,1,7,1,96,96,96
19772,1040,9,4,7,3,10,0,96,96,96
19787,1040,6,0,0,0,10,0,96,96,96
19812,1040,8,5,0,2,10,2,96,96,96
19816,1040,6,4,5,4,8,6,96,96,96
19847,1040,9,3,5,4,10,2,96,96,96
19870,1040,5,0,3,2,10,5,96,96,96
19926,1040,6,4,4,1,9,1,96,96,96
19949,1040,8,4,5,4,10,2,96,96,96
19957,1040,10,4,6,4,10,4,96,96,96
19963,1040,7,0,5,0,9,4,96,96,96
20006,1040,6,2,5,0,9,4,96,96,96
20017,1040,7,3,6,2,9,4,96,96,96
20027,1040,7,2,5,3,8,4,96,96,96
20037,1040,7,0,7,0,10,0,96,96,96
20069,1040,7,4,5,2,7,2,96,96,96
20074,1040,7,2,3,0,10,1,96,96,96
20159,1040,8,4,6,3,10,3,96,96,96
20186,1040,2,0,0,0,10,0,96,96,96
20191,1040,9,5,7,4,10,5,96,96,96
20202,1040,7,3,7,1,10,1,96,96,96
20255,1040,7,0,98,98,7,98,96,96,96
20257,1040,7,2,0,0,8,2,96,96,96
20278,1040,7,4,5,2,10,4,96,96,96
20320,1040,8,8,5,5,1,5,96,96,96
20342,1040,6,0,3,0,8,0,96,96,96
20353,1040,9,5,6,4,10,5,96,96,96
20372,1040,5,0,5,2,6,3,96,96,96
20376,1040,8,4,7,4,9,4,96,96,96
20426,1040,8,4,7,3,10,3,96,96,96
20475,1040,98,98,98,98,98,98,96,96,96
20485,1040,9,5,6,5,10,4,96,96,96
20487,1040,5,4,6,3,8,5,96,96,96
20512,1040,10,2,4,1,10,98,96,96,96
20514,1040,4,4,2,1,6,3,96,96,96
20516,1040,7,2,5,0,10,6,96,96,96
20528,1040,7,5,4,1,10,3,96,96,96
20533,1040,7,0,0,0,5,0,96,96,96
20544,1040,10,0,5,4,10,1,96,96,96
20558,1040,10,0,2,4,10,98,96,96,96
20606,1040,6,0,4,1,7,1,96,96,96
20634,1040,6,2,6,1,9,1,96,96,96
20657,1040,9,1,3,1,10,1,96,96,96
20678,1040,6,0,3,0,8,2,96,96,96
20691,1040,6,3,5,5,9,2,96,96,96
20703,1040,6,5,7,3,10,4,96,96,96
20718,1040,9,4,5,3,10,5,96,96,96
20724,1040,7,3,7,1,9,1,96,96,96
20729,1040,6,4,5,4,7,4,96,96,96
20730,1040,6,1,6,0,10,3,96,96,96
20732,1040,5,0,0,0,10,0,96,96,96
20754,1040,5,8,7,7,1,7,96,96,96
20801,1040,4,7,6,10,2,2,96,96,96
20820,1040,10,3,7,3,10,2,96,96,96
20828,1040,8,3,6,0,10,1,96,96,96
20830,1040,10,2,10,1,10,98,96,96,96
20832,1040,7,2,2,4,9,2,96,96,96
20844,1040,5,3,4,3,8,7,96,96,96
20846,1040,2,0,2,0,8,0,96,96,96
20852,1040,8,0,5,0,9,1,96,96,96
20856,1040,7,4,5,5,10,4,96,96,96
20865,1040,8,2,4,1,10,7,96,96,96
20867,1040,5,0,0,0,10,0,96,96,96
20876,1040,8,4,5,0,8,1,96,96,96
20888,1040,5,5,3,0,10,2,96,96,96
20896,1040,9,3,1,1,4,1,96,96,96
20913,1040,8,1,5,4,10,2,96,96,96
20922,1040,4,3,4,3,9,98,96,96,96
20929,1040,5,0,2,0,10,3,96,96,96
20938,1040,5,0,5,1,8,6,96,96,96
20939,1040,5,5,3,5,5,4,96,96,96
20940,1040,8,2,3,2,10,2,96,96,96
20944,1040,2,4,3,3,7,1,96,96,96
20948,1040,5,0,4,0,6,0,96,96,96
20949,1040,5,5,5,5,3,5,96,96,96
20952,1040,98,98,98,98,98,98,96,96,96
20958,1040,3,4,3,1,8,1,96,96,96
20959,1040,5,0,5,0,7,98,96,96,96
20961,1040,9,5,7,2,10,3,96,96,96
20962,1040,4,3,2,0,6,1,96,96,96
20963,1040,7,3,4,0,10,0,96,96,96
20964,1040,0,0,0,0,10,0,96,96,96
20968,1040,6,3,3,5,8,5,96,96,96
20970,1040,5,2,5,5,10,5,96,96,96
20971,1040,5,0,0,0,5,0,96,96,96
20975,1040,7,2,2,1,10,1,96,96,96
20981,1040,3,4,6,4,2,6,96,96,96
20986,1040,3,5,6,6,8,5,96,96,96
20988,1040,3,3,3,0,8,0,96,96,96
20989,1040,6,0,98,0,9,0,96,96,96
20992,1040,7,3,5,4,10,5,96,96,96
20995,1040,98,98,98,98,98,98,96,96,96
20997,1040,9,3,7,2,10,2,96,96,96
21002,1040,7,2,5,2,10,98,96,96,96
21004,1040,3,3,6,1,10,2,96,96,96
21007,1040,7,4,6,3,9,4,96,96,96
21008,1040,98,98,98,98,98,98,96,96,96
21010,1040,6,5,4,5,10,4,96,96,96
21014,1040,4,5,0,0,10,0,96,96,96
21015,1040,5,5,5,5,5,5,96,96,96
21016,1040,98,98,98,98,98,98,96,96,96
21017,1040,0,7,5,3,7,3,96,96,96
21018,1040,6,5,2,0,5,1,96,96,96
21019,1040,8,4,5,3,10,4,96,96,96
21020,1040,5,98,4,2,7,98,96,96,96
21024,1040,5,5,5,0,5,5,96,96,96
21043,1040,3,2,4,0,8,3,96,96,96
21044,1040,6,0,6,0,8,0,96,96,96
21046,1040,5,98,98,98,98,98,96,96,96
21050,1040,6,1,6,3,6,2,96,96,96
21053,1040,6,5,5,6,8,8,96,96,96
21057,1040,7,2,5,0,10,3,96,96,96
21062,1040,0,0,0,0,7,0,96,96,96
21063,1040,0,0,1,0,5,3,96,96,96
21064,1040,10,3,8,2,10,3,96,96,96
21071,1040,4,4,3,4,2,4,96,96,96
21072,1040,5,1,2,0,10,3,96,96,96
21074,1040,4,6,5,0,10,5,96,96,96
21079,1040,7,4,5,2,10,2,96,96,96
21080,1040,9,3,5,1,10,0,96,96,96
21082,1040,7,0,0,0,8,0,96,96,96
21085,1040,6,2,2,0,8,4,96,96,96
21087,1040,3,3,4,5,6,6,96,96,96
21089,1040,5,0,5,0,10,98,96,96,96
21090,1040,4,5,4,4,9,5,96,96,96
21092,1040,8,0,6,0,8,0,96,96,96
21100,1040,6,0,3,0,10,2,96,96,96
21101,1040,6,5,4,4,10,4,96,96,96
21104,1040,4,7,5,4,3,4,96,96,96
21107,1040,8,3,5,2,7,5,96,96,96
21108,1040,0,6,5,0,10,5,96,96,96
21112,1040,8,0,0,0,10,0,96,96,96
21113,1040,5,0,0,0,9,0,96,96,96
21115,1040,5,3,2,2,10,0,96,96,96
21117,1040,98,98,98,3,5,5,96,96,96
21118,1040,4,4,6,6,7,6,96,96,96
21120,1040,2,1,0,6,10,7,96,96,96
21121,1040,8,1,4,2,10,4,96,96,96
21122,1040,1,1,98,0,6,98,96,96,96
21123,1040,5,0,2,0,6,2,96,96,96
21125,1040,8,9,98,3,7,98,96,96,96
21129,1040,8,1,1,2,10,2,96,96,96
21130,1040,9,3,4,3,10,5,96,96,96
21138,1040,5,5,5,5,1,3,96,96,96
21140,1040,9,4,8,7,4,8,96,96,96
21143,1040,98,98,98,98,98,98,96,96,96
21149,1040,5,5,5,0,10,0,96,96,96
21154,1040,6,4,5,0,10,2,96,96,96
21162,1040,8,0,5,0,10,0,96,96,96
21170,1040,6,1,4,0,8,0,96,96,96
21171,1040,6,4,3,2,10,2,96,96,96
21172,1040,0,0,0,0,5,0,96,96,96
21175,1040,3,5,5,4,9,98,96,96,96
21188,1040,5,0,3,3,10,0,96,96,96
21189,1040,9,5,3,1,5,4,96,96,96
21191,1040,3,0,5,5,5,4,96,96,96
21197,1040,3,3,3,0,8,98,96,96,96
21198,1040,4,3,3,6,3,3,96,96,96
21205,1040,5,0,3,0,10,3,96,96,96
21214,1040,7,6,4,4,9,3,96,96,96
21216,1040,8,3,5,5,10,6,96,96,96
21218,1040,4,3,3,3,7,2,96,96,96
21220,1040,6,2,5,1,7,2,96,96,96
21221,1040,6,1,4,0,5,0,96,96,96
21230,1040,6,1,4,3,8,2,96,96,96
21233,1040,6,1,2,1,9,98,96,96,96
21237,1040,2,5,2,8,98,98,96,96,96
21240,1040,98,98,98,98,98,98,96,96,96
21242,1040,5,1,10,6,7,9,96,96,96
21244,1040,5,4,5,5,10,5,96,96,96
21245,1040,7,1,5,5,10,6,96,96,96
21246,1040,5,5,8,0,7,4,96,96,96
21248,1040,9,2,5,4,10,0,96,96,96
21256,1040,0,0,0,0,10,0,96,96,96
21260,1040,8,4,7,4,10,4,96,96,96
21261,1040,6,3,10,2,9,2,96,96,96
21263,1040,5,2,1,1,6,3,96,96,96
21265,1040,7,2,1,6,10,4,96,96,96
21268,1040,6,0,5,0,9,2,96,96,96
21269,1040,7,3,2,3,10,3,96,96,96
21273,1040,98,98,98,98,98,98,96,96,96
21278,1040,3,8,5,2,8,2,96,96,96
21281,1040,7,5,5,3,10,6,96,96,96
21284,1040,6,4,5,2,10,5,96,96,96
21288,1040,8,5,3,2,10,3,96,96,96
21293,1040,9,4,5,3,10,4,96,96,96
21296,1040,98,98,98,98,98,98,96,96,96
21297,1040,6,2,4,0,7,0,96,96,96
21300,1040,10,1,6,3,10,6,96,96,96
21301,1040,6,1,5,1,10,1,96,96,96
21302,1040,7,5,6,2,10,3,96,96,96
21310,1040,5,1,4,0,6,0,96,96,96
21312,1040,8,3,5,2,10,2,96,96,96
21316,1040,4,6,6,3,5,4,96,96,96
21318,1040,9,7,6,0,10,4,96,96,96
21323,1040,10,2,6,3,10,3,96,96,96
21330,1040,8,1,7,2,10,1,96,96,96
21332,1040,10,6,5,7,1,4,96,96,96
21337,1040,6,4,5,1,10,1,96,96,96
21338,1040,3,4,1,0,10,98,96,96,96
21344,1040,8,3,7,1,10,2,96,96,96
21346,1040,4,0,3,0,6,0,96,96,96
21349,1040,2,1,3,4,1,5,96,96,96
21351,1040,2,1,0,0,4,0,96,96,96
21355,1040,5,1,0,0,10,2,96,96,96
21356,1040,6,4,5,4,3,5,96,96,96
21360,1040,8,4,5,2,10,3,96,96,96
21364,1040,9,3,7,2,10,2,96,96,96
21365,1040,6,4,4,2,6,2,96,96,96
21366,1040,8,0,5,0,10,0,96,96,96
21367,1040,3,7,5,0,10,1,96,96,96
21375,1040,6,5,7,4,0,3,96,96,96
21385,1040,7,7,7,6,6,6,96,96,96
21386,1040,5,10,98,5,0,7,96,96,96
21387,1040,8,3,7,5,10,3,96,96,96
21392,1040,5,3,3,0,8,0,96,96,96
21418,1040,9,4,7,5,10,7,96,96,96
21419,1040,10,1,1,5,10,5,96,96,96
21421,1040,6,5,4,4,10,5,96,96,96
21426,1040,8,3,6,3,9,2,96,96,96
21455,1040,5,4,4,3,5,3,96,96,96
21457,1040,5,5,98,0,98,0,96,96,96
21461,1040,5,3,5,0,10,0,96,96,96
21467,1040,7,3,2,1,8,1,96,96,96
21506,1040,2,0,0,0,9,0,96,96,96
21515,1040,5,98,98,98,10,98,96,96,96
21517,1040,6,5,7,2,10,1,96,96,96
21519,1040,6,4,3,2,8,5,96,96,96
21532,1040,7,0,5,0,8,98,96,96,96
21542,1040,5,3,98,2,7,3,96,96,96
21543,1040,3,3,5,0,10,98,96,96,96
21544,1040,6,1,5,0,8,0,96,96,96
21545,1040,6,2,0,0,9,4,96,96,96
21554,1040,5,7,5,5,6,7,96,96,96
21561,1040,7,4,2,0,10,2,96,96,96
21564,1040,8,5,4,2,10,3,96,96,96
21582,1040,7,5,4,3,10,4,96,96,96
21584,1040,6,5,6,6,10,6,96,96,96
21594,1040,7,1,98,98,10,98,96,96,96
21600,1040,4,4,4,4,7,5,96,96,96
21608,1040,7,3,5,2,9,5,96,96,96
21613,1040,98,98,98,98,98,98,96,96,96
21620,1040,5,0,5,5,5,5,96,96,96
21629,1040,6,4,98,4,10,6,96,96,96
21645,1040,4,0,98,0,8,5,96,96,96
21660,1040,0,5,98,98,5,98,96,96,96
21681,1040,5,3,2,2,7,2,96,96,96
21690,1040,8,4,3,4,10,4,96,96,96
21716,1040,0,0,1,2,8,5,96,96,96
21720,1040,1,1,1,1,9,1,96,96,96
21721,1040,5,5,5,6,6,6,96,96,96
21723,1040,6,3,5,2,8,3,96,96,96
21729,1040,8,5,5,0,10,0,96,96,96
21757,1040,7,1,2,3,9,4,96,96,96
21758,1040,6,0,0,2,8,2,96,96,96
21760,1040,2,3,7,7,2,7,96,96,96
21770,1040,5,3,2,1,8,1,96,96,96
21810,1040,1,1,3,4,10,2,96,96,96
21815,1040,5,1,1,1,6,1,96,96,96
21819,1040,2,0,2,0,6,0,96,96,96
21840,1040,8,5,7,2,10,4,96,96,96
21846,1040,7,3,3,3,8,3,96,96,96
21858,1040,6,3,4,0,9,3,96,96,96
21865,1040,98,98,98,98,98,98,96,96,96
21872,1040,5,0,98,98,5,98,96,96,96
21878,1040,5,1,6,8,10,6,96,96,96
21880,1040,0,0,0,98,10,98,96,96,96
21882,1040,8,3,6,2,10,98,96,96,96
21914,1040,6,0,5,0,10,0,96,96,96
21923,1040,9,2,7,4,10,4,96,96,96
21924,1040,4,0,0,0,5,0,96,96,96
21945,1040,7,6,7,5,10,98,96,96,96
21961,1040,1,0,1,0,6,0,96,96,96
21984,1040,5,6,4,5,1,4,96,96,96
22017,1040,8,4,5,1,10,2,96,96,96
22025,1040,5,1,3,0,10,0,96,96,96
22045,1040,6,2,7,6,8,6,96,96,96
22048,1040,8,3,3,5,10,0,96,96,96
22068,1040,4,0,1,5,10,6,96,96,96
22069,1040,10,0,0,0,10,0,96,96,96
22113,1040,7,3,6,0,10,0,96,96,96
22127,1040,8,3,7,0,10,2,96,96,96
22131,1040,5,98,98,98,5,98,96,96,96
22146,1040,5,3,2,0,10,0,96,96,96
22151,1040,5,2,2,0,8,0,96,96,96
22152,1040,8,5,6,98,6,5,96,96,96
22163,1040,5,5,5,5,5,5,96,96,96
22229,1040,4,3,3,3,8,3,96,96,96
22236,1040,7,4,2,3,7,4,96,96,96
22249,1040,5,1,6,4,10,1,96,96,96
22259,1040,5,0,10,1,10,1,96,96,96
22365,1040,10,0,3,1,8,3,96,96,96
22370,1040,7,5,5,5,0,5,96,96,96
22401,1040,98,5,98,98,98,98,96,96,96
22421,1040,6,2,5,1,8,1,96,96,96
22446,1040,6,2,98,0,8,5,96,96,96
22450,1040,9,2,5,3,10,98,96,96,96
22454,1040,6,7,0,3,10,0,96,96,96
22465,1040,0,0,0,1,6,1,96,96,96
22510,1040,5,0,0,0,6,0,96,96,96
22520,1040,8,3,7,4,10,4,96,96,96
22578,1040,8,3,5,98,10,98,96,96,96
22589,1040,10,7,4,3,2,3,96,96,96
22598,1040,8,3,6,1,8,6,96,96,96
22603,1040,8,5,9,3,10,98,96,96,96
22739,1040,8,4,5,3,10,1,96,96,96
22772,1040,7,4,3,3,10,4,96,96,96
22778,1040,6,4,3,2,9,5,96,96,96
22779,1040,10,8,5,8,10,9,96,96,96
22786,1040,6,3,2,0,8,2,96,96,96
22905,1040,7,3,5,2,10,2,96,96,96
22910,1040,7,1,2,1,8,2,96,96,96
22971,1040,5,3,3,1,10,1,96,96,96
23004,1040,7,4,4,2,10,3,96,96,96
23021,1040,98,98,98,98,10,98,96,96,96
23046,1040,3,2,4,4,10,98,96,96,96
23081,1040,6,0,5,4,10,5,96,96,96
23148,1040,0,0,0,0,6,0,96,96,96
23149,1040,98,98,98,98,98,98,96,96,96
23154,1040,9,5,8,3,10,4,96,96,96
23162,1040,5,3,6,0,0,0,96,96,96
23171,1040,2,0,0,0,10,98,96,96,96
23172,1040,5,0,0,0,7,0,96,96,96
23176,1040,6,3,6,5,10,3,96,96,96
23191,1040,3,2,2,2,6,2,96,96,96
23238,1040,8,0,5,5,10,5,96,96,96
23293,1040,5,1,4,2,10,6,96,96,96
23344,1040,7,2,7,0,10,3,96,96,96
23429,1040,98,98,98,98,98,98,96,96,96
23437,1040,4,0,6,0,9,1,96,96,96
23439,1040,3,0,3,4,7,3,96,96,96
23457,1040,5,1,1,1,5,1,96,96,96
23464,1040,0,0,0,0,0,0,96,96,96
23507,1040,8,6,5,8,7,6,96,96,96
23521,1040,7,4,5,5,9,98,96,96,96
23531,1040,5,5,9,2,5,2,96,96,96
23533,1040,3,0,2,0,9,1,96,96,96
23557,1040,8,1,5,0,10,3,96,96,96
23591,1040,9,3,2,2,10,2,96,96,96
23650,1040,10,5,6,1,10,5,96,96,96
23665,1040,6,0,3,0,7,0,96,96,96
23709,1040,2,5,2,2,8,5,96,96,96
23723,1040,5,1,2,1,10,98,96,96,96
23736,1040,5,8,5,10,5,7,96,96,96
23757,1040,7,0,5,5,10,0,96,96,96
23791,1040,6,3,3,2,8,3,96,96,96
23795,1040,6,4,2,2,6,98,96,96,96
23813,1040,7,1,5,0,10,2,96,96,96
23822,1040,3,2,2,5,10,6,96,96,96
23857,1040,5,2,3,0,10,0,96,96,96
23862,1040,7,4,0,0,10,4,96,96,96
23870,1040,4,5,7,5,6,4,96,96,96
23880,1040,8,5,6,2,10,4,96,96,96
23884,1040,3,2,0,0,10,3,96,96,96
23886,1040,7,5,5,5,10,5,96,96,96
23940,1040,3,1,2,1,6,2,96,96,96
23948,1040,5,5,5,5,8,98,96,96,96
24123,1040,5,3,5,2,10,0,96,96,96
24125,1040,6,2,5,2,7,4,96,96,96
24132,1040,9,4,5,2,98,1,96,96,96
24188,1040,8,3,5,1,10,3,96,96,96
24192,1040,4,6,5,2,10,6,96,96,96
24202,1040,6,5,98,2,8,2,96,96,96
24230,1040,7,5,1,2,9,2,96,96,96
24281,1040,4,4,98,5,9,5,96,96,96
24303,1040,8,2,5,2,10,2,96,96,96
24338,1040,6,4,2,3,9,98,96,96,96
24389,1040,6,3,6,0,10,98,96,96,96
24411,1040,3,0,2,0,9,2,96,96,96
24452,1040,5,1,3,0,10,0,96,96,96
24455,1040,7,0,2,0,10,2,96,96,96
24473,1040,98,98,98,98,98,98,96,96,96
24505,1040,9,3,7,5,7,4,96,96,96
24511,1040,7,0,2,0,10,3,96,96,96
24527,1040,7,3,6,2,10,4,96,96,96
24551,1040,5,3,2,0,9,3,96,96,96
24586,1040,9,3,4,1,10,5,96,96,96
24594,1040,7,3,5,1,8,1,96,96,96
24618,1040,8,5,4,2,10,98,96,96,96
24638,1040,6,0,0,0,9,0,96,96,96
24663,1040,9,3,6,5,10,5,96,96,96
24665,1040,10,0,8,5,10,98,96,96,96
24683,1040,3,3,6,1,5,3,96,96,96
24701,1040,5,0,0,0,5,0,96,96,96
24733,1040,6,5,6,2,10,1,96,96,96
24748,1040,8,4,5,1,10,2,96,96,96
24780,1040,6,2,5,3,10,2,96,96,96
24804,1040,6,3,5,1,8,1,96,96,96
24819,1040,2,1,2,3,10,5,96,96,96
24821,1040,2,5,4,3,10,6,96,96,96
24822,1040,0,0,0,0,6,1,96,96,96
24835,1040,98,98,98,98,6,98,96,96,96
24897,1040,98,98,98,98,98,98,96,96,96
24918,1040,4,3,2,3,5,2,96,96,96
24948,1040,98,98,98,98,98,98,96,96,96
24958,1040,4,4,98,5,10,98,96,96,96
25013,1040,4,5,5,2,7,2,96,96,96
25036,1040,6,4,3,2,7,2,96,96,96
25078,1040,5,1,1,1,9,98,96,96,96
25108,1040,9,3,2,1,10,2,96,96,96
25154,1040,10,9,5,3,4,0,96,96,96
25202,1040,5,2,2,0,10,7,96,96,96
25208,1040,5,4,5,4,10,7,96,96,96
25217,1040,6,5,5,5,6,4,96,96,96
25345,1040,5,3,4,3,7,3,96,96,96
25360,1040,7,6,4,4,10,0,96,96,96
25382,1040,6,0,0,0,7,0,96,96,96
25446,1040,9,3,6,0,10,5,96,96,96
25650,1040,5,4,5,4,5,4,96,96,96
25731,1040,6,4,6,2,9,4,96,96,96
25744,1040,8,3,6,3,10,3,96,96,96
25787,1040,6,0,4,2,8,1,96,96,96
25813,1040,7,3,4,0,10,4,96,96,96
25816,1040,6,4,3,0,8,0,96,96,96
25838,1040,8,1,3,2,6,2,96,96,96
25853,1040,8,3,4,2,10,4,96,96,96
25854,1040,3,6,98,98,5,7,96,96,96
25874,1040,5,4,10,0,5,6,96,96,96
25875,1040,7,4,6,2,9,3,96,96,96
25987,1040,7,8,2,2,9,1,96,96,96
26065,1040,98,98,98,98,98,98,96,96,96
26107,1040,3,7,4,2,2,2,96,96,96
26113,1040,5,5,5,5,6,5,96,96,96
26160,1040,7,1,2,2,8,1,96,96,96
26199,1040,7,4,98,2,10,5,96,96,96
26264,1040,7,4,98,1,9,2,96,96,96
26309,1040,5,5,5,5,2,5,96,96,96
26326,1040,3,9,2,0,9,7,96,96,96
26482,1040,7,7,6,5,7,8,96,96,96
26502,1040,6,3,6,1,9,3,96,96,96
26517,1040,8,2,5,0,10,0,96,96,96
26532,1040,8,4,3,3,10,3,96,96,96
26537,1040,10,4,10,5,10,98,96,96,96
26641,1040,3,3,0,0,5,0,96,96,96
26703,1040,7,0,6,1,10,2,96,96,96
26756,1040,7,0,0,0,10,0,96,96,96
26813,1040,6,4,5,0,8,3,96,96,96
26855,1040,7,9,4,3,2,6,96,96,96
26869,1040,3,2,3,0,9,1,96,96,96
26952,1040,7,3,7,4,8,5,96,96,96
26985,1040,9,4,5,3,10,6,96,96,96
27027,1040,6,3,3,0,8,5,96,96,96
27083,1040,6,2,3,0,10,1,96,96,96
27178,1040,98,98,98,98,98,98,96,96,96
27711,1040,7,4,6,0,9,2,96,96,96
27762,1040,1,0,7,8,7,2,96,96,96
27812,1040,8,0,3,0,10,3,96,96,96
27916,1040,2,7,6,5,4,5,96,96,96
27973,1040,6,0,3,0,9,0,96,96,96
28065,1040,7,5,6,4,10,1,96,96,96
28068,1040,6,6,98,98,6,98,96,96,96
28075,1040,6,1,3,2,7,2,96,96,96
28196,1040,9,3,3,1,10,1,96,96,96
28297,1040,6,5,3,0,10,2,96,96,96
28470,1040,6,3,4,0,8,2,96,96,96
28534,1040,98,98,98,98,98,98,96,96,96
28899,1040,5,5,6,0,7,98,96,96,96
28912,1040,98,98,98,98,98,98,96,96,96
28922,1040,10,7,7,6,10,6,96,96,96
29058,1040,4,6,5,5,0,5,96,96,96
29120,1040,2,3,1,0,9,1,96,96,96
29252,1040,8,4,7,2,10,2,96,96,96
29270,1040,7,0,5,1,6,5,96,96,96
29398,1040,7,2,98,2,9,98,96,96,96
29519,1040,4,0,5,3,10,6,96,96,96
29528,1040,4,5,8,6,4,4,96,96,96
29562,1040,2,2,2,0,6,0,96,96,96
29577,1040,98,98,98,98,98,98,96,96,96
29581,1040,4,0,5,0,10,3,96,96,96
29622,1040,8,4,5,1,10,2,96,96,96
29643,1040,4,0,3,4,10,5,96,96,96
29672,1040,0,0,0,0,10,0,96,96,96
29724,1040,7,3,5,4,10,4,96,96,96
29783,1040,7,3,4,1,10,2,96,96,96
29804,1040,7,0,0,0,10,1,96,96,96
29809,1040,5,5,5,0,10,4,96,96,96
29813,1040,8,4,6,2,10,1,96,96,96
29815,1040,6,3,5,2,9,4,96,96,96
29887,1040,98,98,98,6,0,6,96,96,96
29933,1040,4,0,4,4,6,3,96,96,96
29988,1040,5,3,3,3,5,6,96,96,96
30005,1040,7,4,5,3,9,5,96,96,96
30022,1040,1,2,0,0,10,0,96,96,96
30090,1040,5,4,4,0,3,0,96,96,96
30222,1040,5,4,2,98,5,98,96,96,96
30232,1040,6,0,2,2,6,6,96,96,96
30332,1040,5,3,3,0,7,0,96,96,96
30382,1040,5,5,6,3,0,98,96,96,96
30395,1040,7,7,5,4,7,4,96,96,96
30442,1040,5,5,4,3,6,4,96,96,96
30458,1040,5,4,4,3,8,98,96,96,96
30473,1040,6,3,3,2,10,1,96,96,96
30497,1040,7,4,5,4,10,4,96,96,96
30514,1040,6,5,5,5,8,98,96,96,96
30538,1040,8,8,4,9,1,2,96,96,96
30558,1040,5,0,0,0,6,98,96,96,96
30574,1040,7,0,5,1,10,3,96,96,96
30675,1040,9,10,7,4,0,0,96,96,96
30819,1040,7,4,6,3,10,3,96,96,96
30872,1040,1,8,98,8,10,5,96,96,96
30907,1040,6,0,2,0,8,5,96,96,96
30927,1040,3,3,4,1,7,1,96,96,96
30939,1040,6,4,3,2,10,3,96,96,96
31044,1040,8,4,6,3,10,4,96,96,96
31055,1040,8,0,5,0,10,0,96,96,96
31070,1040,6,0,0,0,10,0,96,96,96
31131,1040,7,3,3,3,8,4,96,96,96
31223,1040,2,1,98,98,10,98,96,96,96
31267,1040,7,5,6,1,10,2,96,96,96
31308,1040,1,4,2,3,6,2,96,96,96
31374,1040,5,4,98,98,10,98,96,96,96
31382,1040,3,2,6,3,10,2,96,96,96
31396,1040,9,2,3,0,10,3,96,96,96
31413,1040,6,4,5,3,10,6,96,96,96
31417,1040,6,6,4,2,8,2,96,96,96
31421,1040,6,5,6,4,10,4,96,96,96
31443,1040,6,4,5,5,7,3,96,96,96
31446,1040,7,0,2,0,10,98,96,96,96
31480,1040,2,1,4,3,10,7,96,96,96
31501,1040,5,0,2,0,5,3,96,96,96
31515,1040,7,4,6,3,10,4,96,96,96
31517,1040,7,4,5,7,10,6,96,96,96
31527,1040,7,6,3,2,3,1,96,96,96
31535,1040,8,3,7,4,10,4,96,96,96
31548,1040,8,0,3,2,10,4,96,96,96
31567,1040,8,5,6,2,10,3,96,96,96
31571,1040,9,2,7,1,10,0,96,96,96
31594,1040,9,4,7,6,10,5,96,96,96
31598,1040,7,4,7,2,10,0,96,96,96
31603,1040,10,5,98,6,0,5,96,96,96
31605,1040,2,6,3,4,10,0,96,96,96
31608,1040,7,5,5,2,10,2,96,96,96
31615,1040,8,4,5,1,10,0,96,96,96
31630,1040,7,4,4,3,9,4,96,96,96
31642,1040,5,1,4,0,6,1,96,96,96
31649,1040,7,4,3,0,10,3,96,96,96
31668,1040,8,2,5,0,9,98,96,96,96
31684,1040,8,1,7,1,9,1,96,96,96
31716,1040,98,98,98,98,98,98,96,96,96
31720,1040,8,2,6,0,10,2,96,96,96
31728,1040,9,1,7,3,10,4,96,96,96
31735,1040,7,4,5,1,9,1,96,96,96
31756,1040,5,8,5,5,4,3,96,96,96
31778,1040,6,3,7,0,10,98,96,96,96
31804,1040,7,0,4,0,9,3,96,96,96
31807,1040,7,4,7,2,10,2,96,96,96
31836,1040,98,5,5,5,1,98,96,96,96
31843,1040,5,5,5,5,5,5,96,96,96
31845,1040,8,3,7,4,10,5,96,96,96
31848,1040,9,3,1,3,10,4,96,96,96
31875,1040,7,4,6,2,10,3,96,96,96
31913,1040,8,1,4,4,10,4,96,96,96
31941,1040,7,4,5,3,10,5,96,96,96
31955,1040,7,4,2,0,4,98,96,96,96
31962,1040,8,4,6,4,10,98,96,96,96
31976,1040,7,3,5,5,10,98,96,96,96
32017,1040,4,5,4,4,10,5,96,96,96
32060,1040,6,0,3,1,8,0,96,96,96
32061,1040,7,2,5,2,10,2,96,96,96
32066,1040,98,98,98,98,98,98,96,96,96
32093,1040,5,2,7,4,10,98,96,96,96
32100,1040,4,6,5,6,8,4,96,96,96
32115,1040,5,2,3,1,9,2,96,96,96
32116,1040,7,3,4,2,10,4,96,96,96
32143,1040,7,4,4,3,9,2,96,96,96
32158,1040,6,4,5,1,10,3,96,96,96
32181,1040,5,0,5,5,10,5,96,96,96
32185,1040,10,3,5,3,10,3,96,96,96
32282,1040,6,4,5,0,10,3,96,96,96
32298,1040,5,0,4,0,9,0,96,96,96
32301,1040,5,3,0,0,10,0,96,96,96
32327,1040,8,1,6,3,10,3,96,96,96
32358,1040,5,2,1,0,7,1,96,96,96
32363,1040,8,4,5,3,10,2,96,96,96
32368,1040,6,0,7,0,10,3,96,96,96
32369,1040,1,6,1,4,1,4,96,96,96
32390,1040,5,3,3,0,8,4,96,96,96
32393,1040,6,0,2,0,7,3,96,96,96
32395,1040,10,3,98,3,10,3,96,96,96
32396,1040,3,3,4,2,9,98,96,96,96
32428,1040,2,4,4,7,8,5,96,96,96
32467,1040,5,6,2,2,10,98,96,96,96
32550,1040,10,3,8,3,10,4,96,96,96
32648,1040,8,3,5,0,10,1,96,96,96
32651,1040,9,5,6,4,10,3,96,96,96
32712,1040,5,5,5,5,6,6,96,96,96
32718,1040,6,4,5,5,7,2,96,96,96
32738,1040,7,5,1,1,10,3,96,96,96
32840,1040,5,6,10,3,8,98,96,96,96
32876,1040,5,98,98,98,98,98,96,96,96
32894,1040,4,5,4,7,4,4,96,96,96
32982,1040,5,4,4,3,10,7,96,96,96
32986,1040,7,3,4,1,10,1,96,96,96
32989,1040,5,0,5,0,9,98,96,96,96
32993,1040,3,3,4,0,9,2,96,96,96
32994,1040,6,0,98,0,10,5,96,96,96
32996,1040,6,2,7,2,8,98,96,96,96
33003,1040,7,0,6,0,6,98,96,96,96
33005,1040,5,0,2,0,9,3,96,96,96
33006,1040,5,5,5,5,5,5,96,96,96
33021,1040,6,2,5,3,9,3,96,96,96
33030,1040,98,98,98,5,5,3,96,96,96
33033,1040,7,4,5,0,10,3,96,96,96
33038,1040,7,4,6,2,9,4,96,96,96
33041,1040,4,3,5,4,7,5,96,96,96
33042,1040,5,2,1,0,6,1,96,96,96
33052,1040,8,1,98,5,7,7,96,96,96
33056,1040,8,4,5,0,10,3,96,96,96
33074,1040,5,3,4,0,9,8,96,96,96
33076,1040,5,6,5,5,2,98,96,96,96
33090,1040,5,5,7,3,8,98,96,96,96
33092,1040,3,10,5,9,0,7,96,96,96
33095,1040,6,4,3,3,10,5,96,96,96
33106,1040,8,4,5,0,10,4,96,96,96
33110,1040,10,0,7,0,10,10,96,96,96
33124,1040,6,2,98,1,9,98,96,96,96
33127,1040,6,4,2,2,10,6,96,96,96
33146,1040,8,3,6,1,10,3,96,96,96
33170,1040,98,4,0,1,5,0,96,96,96
33180,1040,9,4,7,2,10,3,96,96,96
33182,1040,5,2,2,2,8,1,96,96,96
33206,1040,8,5,7,8,0,5,96,96,96
33214,1040,4,9,3,10,0,3,96,96,96
33217,1040,10,3,5,5,10,5,96,96,96
33222,1040,5,0,98,3,0,0,96,96,96
33226,1040,6,4,4,1,8,4,96,96,96
33246,1040,5,2,98,3,10,10,96,96,96
33262,1040,8,3,4,2,10,2,96,96,96
33267,1040,2,6,4,98,10,98,96,96,96
33313,1040,9,0,5,1,98,3,96,96,96
33318,1040,9,3,5,1,10,2,96,96,96
33325,1040,8,3,5,2,10,3,96,96,96
33326,1040,4,5,4,5,9,98,96,96,96
33333,1040,4,6,6,7,7,4,96,96,96
33369,1040,8,1,0,0,10,0,96,96,96
33374,1040,5,5,5,3,9,5,96,96,96
33393,1040,98,98,98,98,98,98,96,96,96
33402,1040,7,5,4,4,7,6,96,96,96
33404,1040,5,0,3,0,98,5,96,96,96
33426,1040,0,10,0,6,0,0,96,96,96
33427,1040,5,1,1,1,5,2,96,96,96
33430,1040,5,3,2,3,10,5,96,96,96
33439,1040,10,0,5,0,10,0,96,96,96
33451,1040,7,2,6,3,10,3,96,96,96
33457,1040,5,5,5,5,10,2,96,96,96
33477,1040,4,3,98,2,7,98,96,96,96
33484,1040,7,5,4,2,10,2,96,96,96
33491,1040,8,2,98,3,9,98,96,96,96
33494,1040,7,0,0,0,9,0,96,96,96
33497,1040,6,0,0,0,9,0,96,96,96
33506,1040,6,1,2,0,9,0,96,96,96
33507,1040,5,5,5,5,5,6,96,96,96
33522,1040,7,98,98,98,7,3,96,96,96
24836,1208,6,0,2,1,3,7,5,96,96
24887,1208,5,8,10,6,3,0,8,96,96
24888,1208,4,7,9,5,2,2,7,96,96
24908,1208,7,8,10,5,3,4,5,96,96
24912,1208,4,3,3,3,10,4,4,96,96
24927,1208,5,5,6,2,6,5,7,96,96
24951,1208,4,9,10,6,2,0,9,96,96
24969,1208,7,7,9,6,3,1,10,96,96
25001,1208,4,6,7,5,2,0,8,96,96
25077,1208,4,9,8,6,1,2,6,96,96
25173,1208,3,8,9,1,1,0,7,96,96
25260,1208,8,5,4,7,9,10,2,96,96
25270,1208,0,0,0,0,0,0,0,96,96
25461,1208,4,8,7,3,0,0,8,96,96
25481,1208,4,6,10,3,2,2,8,96,96
25562,1208,10,10,10,0,10,10,10,96,96
25591,1208,5,8,8,4,3,3,2,96,96
25649,1208,9,0,10,0,10,0,5,96,96
25663,1208,6,8,10,5,1,0,9,96,96
25810,1208,5,7,10,5,2,3,8,96,96
26106,1208,5,4,5,5,5,5,5,96,96
26143,1208,8,2,5,5,8,3,6,96,96
26195,1208,98,98,98,98,98,98,98,96,96
26259,1208,98,98,98,98,98,98,98,96,96
26280,1208,4,6,8,3,0,0,7,96,96
26348,1208,2,0,0,4,3,4,5,96,96
26354,1208,4,6,8,5,1,0,8,96,96
26492,1208,7,4,6,5,6,7,4,96,96
26523,1208,4,10,6,7,2,1,6,96,96
26549,1208,10,1,10,1,8,7,7,96,96
26569,1208,3,8,9,5,2,0,8,96,96
26629,1208,5,7,9,6,4,1,7,96,96
26740,1208,10,0,10,0,0,0,5,96,96
26854,1208,5,10,8,7,3,1,7,96,96
26922,1208,5,8,9,5,2,1,9,96,96
26988,1208,4,9,8,4,3,1,9,96,96
27038,1208,98,8,98,98,6,3,6,96,96
27052,1208,1,7,7,1,1,0,3,96,96
27081,1208,3,8,9,5,4,0,8,96,96
27315,1208,3,7,9,4,2,1,7,96,96
27501,1208,5,8,8,5,2,0,8,96,96
27526,1208,0,5,2,4,4,4,3,96,96
27827,1208,4,3,7,5,2,3,4,96,96
27956,1208,4,7,5,6,2,1,8,96,96
28018,1208,5,5,7,5,2,0,8,96,96
28036,1208,4,7,8,5,2,0,6,96,96
28115,1208,3,8,9,5,2,0,9,96,96
28299,1208,3,6,9,5,2,0,7,96,96
28340,1208,1,6,10,4,3,2,8,96,96
28378,1208,9,10,9,10,9,10,10,96,96
28384,1208,8,10,10,9,3,2,9,96,96
28412,1208,2,9,10,3,2,98,8,96,96
28417,1208,5,7,5,7,4,3,3,96,96
28487,1208,0,10,10,0,0,0,10,96,96
28502,1208,10,0,0,0,98,98,98,96,96
28519,1208,4,6,8,0,2,0,6,96,96
28528,1208,2,8,9,4,4,1,7,96,96
28589,1208,6,0,2,0,5,6,98,96,96
28640,1208,2,9,9,6,3,4,7,96,96
28799,1208,4,6,10,4,1,0,5,96,96
28802,1208,0,10,7,2,1,1,10,96,96
28881,1208,3,7,10,7,0,0,8,96,96
29070,1208,5,6,8,4,2,1,8,96,96
29098,1208,5,8,7,6,3,1,8,96,96
29102,1208,10,0,98,3,8,98,98,96,96
29109,1208,98,98,98,98,98,98,98,96,96
29117,1208,10,0,7,3,98,98,98,96,96
29124,1208,4,8,7,5,3,2,7,96,96
29223,1208,2,10,10,6,0,0,10,96,96
29298,1208,4,7,10,5,2,0,8,96,96
29373,1208,6,7,8,5,2,0,8,96,96
29446,1208,10,0,0,0,5,7,5,96,96
29469,1208,10,3,1,9,10,10,4,96,96
29533,1208,4,7,6,6,2,1,8,96,96
29547,1208,4,7,10,5,3,0,7,96,96
29556,1208,4,10,6,4,5,4,5,96,96
29630,1208,0,0,0,1,10,10,10,96,96
29699,1208,5,8,7,6,2,1,8,96,96
29718,1208,7,7,7,7,8,7,7,96,96
29723,1208,5,7,6,6,3,1,7,96,96
29730,1208,2,10,10,2,2,2,10,96,96
29741,1208,1,10,10,7,0,0,10,96,96
29750,1208,4,5,7,3,2,1,8,96,96
29776,1208,1,0,7,4,6,3,8,96,96
29860,1208,4,6,5,4,3,9,4,96,96
29899,1208,2,8,7,5,3,0,6,96,96
29987,1208,3,7,10,1,3,0,7,96,96
30002,1208,10,0,1,98,6,6,98,96,96
30006,1208,98,98,98,98,98,98,98,96,96
30025,1208,8,3,4,3,6,10,3,96,96
30036,1208,4,6,8,5,4,0,3,96,96
30041,1208,0,6,9,3,0,0,7,96,96
30049,1208,98,98,98,98,98,98,98,96,96
30095,1208,4,6,7,5,2,0,6,96,96
30192,1208,3,9,6,7,2,1,10,96,96
30226,1208,5,7,8,4,4,1,7,96,96
30235,1208,3,7,4,4,4,0,10,96,96
30247,1208,6,7,8,5,3,2,8,96,96
30282,1208,2,7,8,4,2,0,8,96,96
30348,1208,7,5,5,4,2,4,8,96,96
30384,1208,3,7,10,5,1,0,3,96,96
30435,1208,2,7,8,1,3,2,6,96,96
30476,1208,98,98,98,98,5,5,5,96,96
30477,1208,3,7,9,4,3,1,7,96,96
30575,1208,3,8,9,5,0,0,7,96,96
30624,1208,5,5,6,4,4,3,6,96,96
30683,1208,5,2,98,2,5,4,98,96,96
30711,1208,6,6,10,6,2,0,10,96,96
30716,1208,98,0,10,98,98,98,98,96,96
30724,1208,9,10,4,7,2,0,10,96,96
30781,1208,2,9,8,6,1,0,10,96,96
30809,1208,4,8,5,98,3,0,7,96,96
30865,1208,4,7,6,5,4,1,8,96,96
30888,1208,4,6,8,7,5,5,4,96,96
30902,1208,1,2,4,2,5,0,1,96,96
30948,1208,3,7,7,2,3,1,5,96,96
30963,1208,4,8,9,3,2,1,9,96,96
30973,1208,3,9,10,3,2,1,10,96,96
30975,1208,0,1,4,2,5,1,3,96,96
30977,1208,10,0,0,6,7,10,0,96,96
31007,1208,4,0,0,10,5,2,4,96,96
31110,1208,6,10,10,7,3,1,8,96,96
31121,1208,5,2,10,0,8,9,3,96,96
31164,1208,3,6,10,5,0,0,9,96,96
31173,1208,5,10,10,5,2,2,8,96,96
31182,1208,3,6,8,9,3,2,7,96,96
31318,1208,5,6,9,1,1,0,5,96,96
31348,1208,3,10,4,8,1,1,1,96,96
31497,1208,4,6,8,4,3,2,8,96,96
31507,1208,10,4,0,2,3,2,5,96,96
31522,1208,4,8,10,5,3,1,8,96,96
31563,1208,4,8,9,4,2,1,9,96,96
31614,1208,1,10,5,1,0,0,10,96,96
31622,1208,1,9,4,2,0,0,10,96,96
31655,1208,3,6,8,2,2,2,8,96,96
31682,1208,5,8,9,4,2,1,7,96,96
31770,1208,98,98,98,98,98,98,98,96,96
31831,1208,8,0,2,98,6,5,5,96,96
31854,1208,5,7,8,5,0,0,7,96,96
31893,1208,2,98,5,98,2,0,4,96,96
31954,1208,98,98,98,98,98,98,98,96,96
32044,1208,3,6,9,0,0,0,7,96,96
32057,1208,4,7,7,4,0,0,7,96,96
32079,1208,5,6,8,3,4,2,8,96,96
32134,1208,4,7,7,6,6,8,4,96,96
32211,1208,7,3,5,7,98,98,98,96,96
32349,1208,10,1,5,3,6,9,4,96,96
32377,1208,98,10,5,0,0,98,98,96,96
32392,1208,5,10,10,7,5,0,10,96,96
32397,1208,6,9,9,5,4,0,9,96,96
32407,1208,6,10,10,6,2,0,9,96,96
32423,1208,2,1,0,0,2,0,4,96,96
32431,1208,98,98,98,98,98,98,98,96,96
32456,1208,8,3,3,4,7,3,4,96,96
32470,1208,4,7,6,98,1,0,9,96,96
32475,1208,5,10,10,8,0,0,8,96,96
32477,1208,4,8,9,5,3,1,8,96,96
32478,1208,4,8,9,5,1,0,8,96,96
32483,1208,6,10,10,5,0,0,10,96,96
32485,1208,3,10,7,3,2,2,8,96,96
32492,1208,3,10,10,10,1,1,10,96,96
32493,1208,4,7,6,6,1,0,7,96,96
32501,1208,5,9,8,7,2,1,7,96,96
32510,1208,1,10,10,8,0,0,8,96,96
32512,1208,0,6,10,0,2,0,4,96,96
32531,1208,3,7,9,4,1,0,9,96,96
32533,1208,3,9,9,4,0,0,8,96,96
32534,1208,4,8,7,6,2,1,7,96,96
32547,1208,1,10,10,2,1,0,9,96,96
32552,1208,2,6,4,3,1,1,8,96,96
32553,1208,1,1,7,10,1,1,9,96,96
32566,1208,0,10,10,5,0,0,10,96,96
32568,1208,4,10,3,6,3,2,8,96,96
32569,1208,4,8,8,6,2,1,8,96,96
32571,1208,98,98,0,98,98,98,0,96,96
32574,1208,3,7,9,5,0,0,8,96,96
32580,1208,3,8,7,5,98,98,5,96,96
32583,1208,1,8,5,5,4,3,7,96,96
32588,1208,98,98,98,98,98,98,98,96,96
32591,1208,5,7,9,6,3,2,7,96,96
32596,1208,2,10,10,5,1,1,8,96,96
32599,1208,4,7,10,5,2,1,7,96,96
32608,1208,10,1,2,3,6,1,9,96,96
32610,1208,5,8,98,6,2,0,8,96,96
32611,1208,3,8,10,2,1,1,5,96,96
32612,1208,0,10,7,6,2,3,8,96,96
32615,1208,7,0,0,5,10,8,2,96,96
32623,1208,5,8,8,6,3,2,8,96,96
32624,1208,3,7,10,5,2,0,7,96,96
32631,1208,2,7,9,2,0,0,8,96,96
32632,1208,1,5,9,4,2,0,6,96,96
32637,1208,4,6,7,5,3,1,6,96,96
32641,1208,5,9,8,7,3,2,10,96,96
32664,1208,0,10,10,98,98,3,6,96,96
32670,1208,5,10,10,5,3,2,6,96,96
32671,1208,3,8,7,4,1,0,9,96,96
32675,1208,9,0,0,1,9,2,0,96,96
32681,1208,8,2,2,98,10,98,7,96,96
32682,1208,3,6,10,5,0,0,10,96,96
32685,1208,1,10,10,1,1,1,10,96,96
32690,1208,7,6,6,5,6,8,7,96,96
32693,1208,98,98,98,98,98,98,98,96,96
32697,1208,1,7,8,5,3,1,3,96,96
32699,1208,8,0,4,5,7,6,2,96,96
32701,1208,3,10,7,7,1,1,10,96,96
32702,1208,5,7,7,4,2,0,9,96,96
32705,1208,7,8,5,8,4,2,7,96,96
32709,1208,5,10,10,8,0,0,10,96,96
32710,1208,6,7,7,5,3,0,7,96,96
32719,1208,5,7,9,4,0,0,8,96,96
32721,1208,5,8,9,3,2,0,8,96,96
32724,1208,3,6,9,4,2,0,8,96,96
32730,1208,3,7,10,3,3,0,7,96,96
32735,1208,2,8,8,5,2,2,9,96,96
32740,1208,2,10,10,7,1,0,7,96,96
32742,1208,3,8,10,7,1,1,9,96,96
32749,1208,3,7,8,98,98,2,98,96,96
32750,1208,5,7,5,3,4,6,8,96,96
32756,1208,98,98,8,98,98,98,98,96,96
32757,1208,3,9,7,2,2,1,5,96,96
32759,1208,3,10,10,6,3,0,10,96,96
32777,1208,4,9,8,5,2,1,7,96,96
32781,1208,2,7,8,1,2,1,6,96,96
32787,1208,6,10,8,5,0,0,10,96,96
32790,1208,5,8,10,4,0,0,7,96,96
32796,1208,3,10,5,3,0,0,10,96,96
32806,1208,4,5,10,5,2,1,8,96,96
32808,1208,3,10,8,3,1,0,10,96,96
32811,1208,10,0,5,2,8,7,2,96,96
32826,1208,0,10,10,6,0,0,10,96,96
32833,1208,4,8,8,4,3,1,8,96,96
32842,1208,5,5,8,5,2,0,5,96,96
32843,1208,0,5,10,0,0,0,5,96,96
32844,1208,5,8,10,3,0,0,8,96,96
32846,1208,5,8,10,6,2,1,9,96,96
32849,1208,5,5,7,6,3,0,7,96,96
32862,1208,0,10,10,0,2,1,9,96,96
32866,1208,8,9,10,7,5,5,9,96,96
32867,1208,7,2,1,3,4,2,1,96,96
32870,1208,5,6,9,3,2,1,9,96,96
32872,1208,6,9,9,6,1,6,10,96,96
32874,1208,4,10,5,0,0,0,10,96,96
32875,1208,4,8,7,5,2,1,8,96,96
32883,1208,2,8,7,3,1,0,7,96,96
32886,1208,0,10,10,0,0,0,10,96,96
32887,1208,4,8,7,5,2,0,8,96,96
32888,1208,8,10,10,5,0,0,10,96,96
32893,1208,5,8,6,6,2,1,8,96,96
32898,1208,1,6,2,3,1,0,8,96,96
32899,1208,2,10,6,5,0,0,10,96,96
32902,1208,4,7,10,6,2,4,7,96,96
32903,1208,5,8,9,0,0,0,6,96,96
32910,1208,0,0,0,0,0,0,0,96,96
32911,1208,5,5,9,4,5,6,8,96,96
32916,1208,4,7,9,5,2,1,8,96,96
32919,1208,5,7,8,7,2,0,8,96,96
32920,1208,98,98,98,98,98,98,98,96,96
32921,1208,2,8,9,1,0,0,10,96,96
32923,1208,3,10,10,5,0,0,10,96,96
32925,1208,4,9,7,3,1,0,9,96,96
32930,1208,5,8,8,1,3,1,8,96,96
32937,1208,4,8,2,3,2,1,9,96,96
32938,1208,8,3,3,3,8,10,3,96,96
32941,1208,3,7,9,3,1,0,8,96,96
32943,1208,98,98,98,98,98,98,98,96,96
32948,1208,4,7,9,4,4,0,8,96,96
32956,1208,4,8,7,4,3,1,8,96,96
32957,1208,5,7,7,3,1,0,7,96,96
32962,1208,5,7,10,7,2,1,8,96,96
32965,1208,4,9,6,2,4,3,5,96,96
32972,1208,1,1,1,1,7,6,1,96,96
32978,1208,4,9,3,5,2,1,9,96,96
32984,1208,6,8,10,4,3,1,7,96,96
32998,1208,4,7,5,3,1,0,9,96,96
33001,1208,0,10,10,5,0,0,10,96,96
33004,1208,3,8,9,7,3,98,9,96,96
33008,1208,5,9,10,8,4,1,9,96,96
33009,1208,8,2,2,8,3,2,7,96,96
33010,1208,1,10,7,5,5,3,4,96,96
33018,1208,4,9,10,5,3,1,9,96,96
33020,1208,3,5,6,0,1,0,4,96,96
33023,1208,3,7,7,6,0,1,10,96,96
33027,1208,4,7,10,5,1,0,9,96,96
33063,1208,3,10,7,3,7,8,10,96,96
33069,1208,0,10,7,3,2,3,7,96,96
33071,1208,3,8,4,4,0,0,10,96,96
33083,1208,5,98,5,5,98,98,98,96,96
33091,1208,1,10,10,5,0,0,8,96,96
33097,1208,10,0,0,3,98,98,98,96,96
33102,1208,7,9,7,4,5,4,9,96,96
33103,1208,10,0,4,1,6,6,5,96,96
33112,1208,5,7,6,3,2,1,8,96,96
33115,1208,3,7,8,5,2,1,7,96,96
33117,1208,7,8,8,9,3,6,6,96,96
33129,1208,4,8,10,5,1,1,9,96,96
33148,1208,8,5,98,98,8,6,5,96,96
33205,1208,2,7,8,0,2,0,8,96,96
33207,1208,4,6,10,1,1,1,6,96,96
33209,1208,4,8,9,7,3,2,10,96,96
33218,1208,4,7,9,5,3,1,10,96,96
33220,1208,1,9,10,3,1,0,6,96,96
33225,1208,1,10,10,6,3,2,10,96,96
33243,1208,0,10,7,5,0,3,98,96,96
33250,1208,6,8,7,2,2,0,7,96,96
33251,1208,10,0,1,1,2,1,0,96,96
33270,1208,4,8,3,6,3,1,10,96,96
33281,1208,2,8,6,5,0,0,10,96,96
33303,1208,4,7,10,5,1,1,10,96,96
33304,1208,6,9,98,5,3,1,10,96,96
33319,1208,10,9,7,9,7,4,5,96,96
33323,1208,8,0,2,0,0,0,0,96,96
33329,1208,5,5,5,98,98,98,98,96,96
33359,1208,3,7,9,3,2,2,8,96,96
33367,1208,4,8,7,5,3,2,8,96,96
33385,1208,7,4,0,2,8,10,6,96,96
33388,1208,6,6,8,4,0,0,8,96,96
33392,1208,4,9,8,3,2,0,9,96,96
33403,1208,5,8,9,6,3,0,6,96,96
33406,1208,4,9,6,7,2,1,7,96,96
33418,1208,9,2,6,9,98,98,0,96,96
33420,1208,4,5,10,6,10,0,6,96,96
33429,1208,2,9,6,0,0,0,10,96,96
33431,1208,98,98,98,98,98,98,98,96,96
33444,1208,7,0,0,0,0,10,0,96,96
33447,1208,6,9,10,7,3,2,7,96,96
33453,1208,3,6,4,6,2,2,1,96,96
33454,1208,6,7,10,5,3,1,8,96,96
33455,1208,5,6,8,4,3,3,8,96,96
33458,1208,5,6,8,5,4,2,8,96,96
33461,1208,2,8,9,3,2,0,9,96,96
33480,1208,10,3,98,98,98,98,3,96,96
33483,1208,4,8,9,4,3,0,8,96,96
33488,1208,4,5,4,4,98,98,5,96,96
33496,1208,5,5,98,5,5,5,5,96,96
33519,1208,5,4,2,5,7,98,5,96,96
33521,1208,98,98,98,98,98,98,98,96,96
33530,1208,5,7,3,6,2,0,9,96,96
33544,1208,98,98,98,98,98,98,98,96,96
33554,1208,6,9,9,5,1,1,10,96,96
33555,1208,3,10,7,5,0,0,10,96,96
33556,1208,3,10,8,8,2,1,9,96,96
33566,1208,10,98,98,98,98,98,98,96,96
33571,1208,0,10,10,0,0,0,10,96,96
33584,1208,5,5,4,4,5,6,6,96,96
33595,1208,10,0,1,2,7,3,1,96,96
33605,1208,3,6,9,4,3,4,4,96,96
33619,1208,98,10,10,10,98,98,98,96,96
33627,1208,0,7,1,0,0,0,0,96,96
33641,1208,5,6,10,7,4,5,10,96,96
33703,1208,5,6,8,4,3,0,98,96,96
33737,1208,0,2,0,1,6,2,4,96,96
34310,1208,7,1,8,6,7,7,7,96,96
34416,1208,7,2,1,9,3,3,2,96,96
34516,1208,5,7,6,3,2,0,6,96,96
34533,1208,0,6,6,0,0,0,6,96,96
34594,1208,2,7,6,6,3,7,7,96,96
34700,1208,2,7,8,0,0,0,5,96,96
34873,1208,4,8,3,5,4,4,6,96,96
35378,1208,98,98,98,98,98,98,98,96,96
35384,1208,4,7,4,4,3,3,6,96,96
35538,1208,2,10,8,4,1,2,9,96,96
35547,1208,4,6,9,5,3,1,8,96,96
35551,1208,4,8,5,6,3,0,10,96,96
35555,1208,98,98,98,98,98,98,98,96,96
35559,1208,3,8,5,2,1,0,8,96,96
35561,1208,10,0,6,2,8,3,2,96,96
35566,1208,4,10,7,5,1,0,10,96,96
35567,1208,10,5,1,5,5,5,4,96,96
35579,1208,5,5,5,5,5,5,5,96,96
35581,1208,5,7,6,9,3,5,4,96,96
35596,1208,3,7,10,4,2,0,7,96,96
35611,1208,4,6,6,5,2,0,7,96,96
35613,1208,3,8,10,4,2,0,9,96,96
35614,1208,5,7,9,5,3,2,8,96,96
35649,1208,2,8,6,3,3,0,9,96,96
35659,1208,10,0,0,0,10,10,98,96,96
35662,1208,3,8,9,3,1,0,8,96,96
35663,1208,9,5,8,5,3,8,3,96,96
35671,1208,98,98,98,98,98,98,98,96,96
35677,1208,2,2,10,3,98,98,3,96,96
35681,1208,2,8,8,0,1,0,9,96,96
35682,1208,5,7,9,6,3,3,8,96,96
35687,1208,10,1,0,2,8,6,4,96,96
35724,1208,3,7,8,5,2,0,7,96,96
35726,1208,4,8,7,5,2,0,6,96,96
35727,1208,5,5,5,5,5,5,5,96,96
35762,1208,7,5,6,6,6,5,7,96,96
35765,1208,7,1,3,5,4,9,2,96,96
35774,1208,4,8,10,5,2,1,9,96,96
35779,1208,2,3,6,0,4,4,4,96,96
35781,1208,10,0,0,0,7,7,0,96,96
35806,1208,6,4,0,6,6,9,2,96,96
35839,1208,98,98,98,98,98,98,98,96,96
35854,1208,6,8,7,7,3,1,8,96,96
35856,1208,4,7,5,6,2,1,8,96,96
35870,1208,2,7,6,5,2,0,10,96,96
35881,1208,4,8,98,98,98,98,98,96,96
35887,1208,5,8,6,4,2,2,10,96,96
35888,1208,5,6,8,4,2,2,7,96,96
35900,1208,5,6,7,5,4,3,8,96,96
35908,1208,5,5,5,5,5,5,5,96,96
35916,1208,5,8,10,5,2,0,8,96,96
35928,1208,98,98,98,98,98,98,98,96,96
35929,1208,6,4,98,6,5,6,2,96,96
35936,1208,4,8,8,3,3,3,7,96,96
35939,1208,5,5,6,0,0,0,5,96,96
35955,1208,3,3,9,3,4,4,6,96,96
35968,1208,98,98,98,98,98,98,98,96,96
35969,1208,4,7,8,5,1,0,7,96,96
35976,1208,10,0,4,4,10,10,0,96,96
35986,1208,5,7,8,6,3,2,7,96,96
35995,1208,10,0,0,5,6,6,0,96,96
36002,1208,3,8,7,5,1,0,7,96,96
36027,1208,4,2,8,5,6,98,7,96,96
36044,1208,3,3,6,7,5,6,6,96,96
36063,1208,98,0,98,2,98,98,98,96,96
36078,1208,4,10,4,3,1,0,7,96,96
36084,1208,4,6,8,5,0,0,6,96,96
36099,1208,3,7,7,5,2,2,6,96,96
36119,1208,4,5,10,4,3,3,5,96,96
36124,1208,7,3,98,4,7,4,4,96,96
36150,1208,4,8,8,5,2,0,7,96,96
36163,1208,5,5,3,6,7,7,4,96,96
36166,1208,3,7,8,0,1,0,7,96,96
36181,1208,9,3,7,6,10,9,4,96,96
36186,1208,98,98,98,98,1,1,8,96,96
36188,1208,5,5,6,98,98,0,98,96,96
36192,1208,7,0,10,2,4,4,10,96,96
36198,1208,5,8,6,4,2,0,8,96,96
36213,1208,10,0,0,10,6,4,5,96,96
36229,1208,4,7,2,6,3,3,3,96,96
36231,1208,4,9,9,4,0,0,10,96,96
36238,1208,3,6,10,4,3,0,9,96,96
36243,1208,6,3,6,5,6,4,4,96,96
36248,1208,5,10,10,3,0,0,10,96,96
36250,1208,4,8,3,98,3,0,9,96,96
36281,1208,0,0,0,0,8,9,0,96,96
36286,1208,4,9,8,6,3,0,9,96,96
36291,1208,98,98,98,98,5,5,5,96,96
36299,1208,0,10,10,0,0,0,10,96,96
36300,1208,4,5,8,5,2,2,7,96,96
36301,1208,10,0,4,6,5,5,3,96,96
36360,1208,0,0,4,2,5,8,7,96,96
36362,1208,0,0,0,0,0,1,1,96,96
36366,1208,6,10,7,7,5,1,9,96,96
36371,1208,4,9,5,7,3,0,8,96,96
36373,1208,3,6,8,4,3,0,6,96,96
36384,1208,2,9,7,3,0,0,8,96,96
36393,1208,4,10,9,8,2,0,10,96,96
36396,1208,7,10,10,5,3,0,10,96,96
36406,1208,0,10,5,4,1,1,5,96,96
36420,1208,10,10,9,9,10,9,10,96,96
36429,1208,8,1,98,2,98,10,98,96,96
36443,1208,1,7,7,98,1,1,9,96,96
36444,1208,4,9,5,6,2,1,6,96,96
36452,1208,4,7,7,6,3,1,8,96,96
36510,1208,3,9,7,5,2,1,8,96,96
36514,1208,4,6,3,4,4,5,6,96,96
36516,1208,4,10,10,6,1,1,9,96,96
36517,1208,8,0,9,8,98,98,98,96,96
36545,1208,4,7,8,5,4,3,6,96,96
36550,1208,5,5,5,5,5,5,5,96,96
36559,1208,2,8,9,98,2,98,7,96,96
36562,1208,3,8,2,4,3,10,1,96,96
36563,1208,3,7,9,4,1,0,8,96,96
36575,1208,4,8,10,5,3,1,7,96,96
36580,1208,2,8,9,4,1,2,6,96,96
36584,1208,4,7,8,5,2,1,7,96,96
36585,1208,7,8,7,6,7,9,6,96,96
36602,1208,0,10,10,0,0,0,10,96,96
36605,1208,3,8,8,5,3,3,6,96,96
36607,1208,4,8,10,5,2,0,8,96,96
36630,1208,5,10,10,2,0,0,10,96,96
36631,1208,98,98,98,98,98,98,98,96,96
36642,1208,8,1,4,3,98,98,98,96,96
36649,1208,10,0,4,0,6,5,1,96,96
36650,1208,6,7,6,4,3,0,6,96,96
36652,1208,4,6,9,5,2,1,6,96,96
36654,1208,2,9,6,5,1,1,8,96,96
36655,1208,4,8,10,6,3,1,9,96,96
36678,1208,5,8,6,4,2,0,9,96,96
36684,1208,6,5,0,7,9,8,8,96,96
36685,1208,3,8,9,4,2,1,10,96,96
36691,1208,4,7,8,6,1,0,6,96,96
36710,1208,8,10,10,8,3,1,8,96,96
36713,1208,10,98,5,98,98,98,98,96,96
36719,1208,3,6,7,7,6,4,6,96,96
36723,1208,4,8,8,2,1,0,7,96,96
36724,1208,3,7,8,0,1,0,8,96,96
36725,1208,10,5,4,5,5,3,10,96,96
36728,1208,7,2,3,7,9,10,2,96,96
36730,1208,5,8,8,6,0,0,10,96,96
36739,1208,7,1,0,8,0,4,1,96,96
36741,1208,8,8,8,7,8,2,7,96,96
36744,1208,5,7,6,6,2,1,8,96,96
36750,1208,4,6,8,4,2,0,6,96,96
36755,1208,5,3,8,5,0,0,10,96,96
36756,1208,2,7,8,0,2,1,7,96,96
36757,1208,98,98,98,98,98,98,98,96,96
36760,1208,3,6,8,3,3,3,5,96,96
36763,1208,5,6,7,4,3,4,7,96,96
36775,1208,10,0,5,3,5,6,0,96,96
36805,1208,8,10,8,10,2,1,8,96,96
36808,1208,7,8,5,0,0,0,6,96,96
36814,1208,5,5,5,5,5,5,0,96,96
36818,1208,2,10,9,1,1,0,9,96,96
36839,1208,0,0,9,0,0,0,0,96,96
36842,1208,10,10,3,10,10,10,10,96,96
36847,1208,4,7,9,5,2,0,6,96,96
36850,1208,6,6,7,3,2,2,3,96,96
36861,1208,4,8,8,5,8,0,9,96,96
36871,1208,6,9,10,5,0,0,10,96,96
36893,1208,5,6,7,4,2,1,8,96,96
36904,1208,5,7,9,5,1,2,8,96,96
36907,1208,3,8,9,4,0,0,9,96,96
36916,1208,7,3,2,7,9,9,2,96,96
36939,1208,2,7,7,2,1,1,7,96,96
36944,1208,3,9,10,98,3,1,7,96,96
36954,1208,5,8,9,3,2,2,5,96,96
36956,1208,3,8,10,5,4,0,9,96,96
36957,1208,0,9,8,3,7,0,8,96,96
36981,1208,3,6,10,5,2,1,7,96,96
36984,1208,4,7,10,5,2,1,8,96,96
36986,1208,6,7,7,6,4,4,7,96,96
37018,1208,10,2,2,6,7,9,4,96,96
37028,1208,10,0,0,0,98,10,98,96,96
37032,1208,4,6,7,5,5,2,8,96,96
37038,1208,5,7,9,0,2,0,7,96,96
37040,1208,4,6,6,1,2,0,8,96,96
37046,1208,4,8,9,6,0,0,9,96,96
37074,1208,10,0,0,5,6,7,5,96,96
37075,1208,4,7,7,6,3,2,8,96,96
37078,1208,10,0,0,0,0,0,98,96,96
37082,1208,10,0,4,2,3,3,3,96,96
37085,1208,4,8,5,5,4,2,7,96,96
37098,1208,6,7,8,6,4,2,7,96,96
37105,1208,4,7,8,5,3,2,7,96,96
37133,1208,4,9,10,5,2,0,10,96,96
37139,1208,4,8,2,6,2,0,8,96,96
37149,1208,5,6,8,0,1,0,6,96,96
37152,1208,5,6,8,6,5,2,7,96,96
37162,1208,98,98,98,98,98,98,98,96,96
37165,1208,4,8,9,5,2,0,8,96,96
37167,1208,8,8,9,3,8,3,8,96,96
37176,1208,4,6,8,5,1,0,8,96,96
37177,1208,10,0,4,5,5,6,2,96,96
37178,1208,6,7,8,5,4,1,8,96,96
37185,1208,7,8,8,2,2,1,9,96,96
37192,1208,4,9,10,5,3,1,6,96,96
37195,1208,9,0,6,0,6,8,5,96,96
37205,1208,2,9,10,1,8,7,98,96,96
37220,1208,6,10,10,7,6,4,9,96,96
37226,1208,10,5,10,5,0,0,10,96,96
37237,1208,4,8,10,5,2,1,8,96,96
37239,1208,6,8,8,7,5,2,10,96,96
37242,1208,0,10,8,7,1,1,9,96,96
37250,1208,10,0,5,8,9,9,1,96,96
37264,1208,1,7,9,2,2,0,7,96,96
37265,1208,4,9,6,5,3,0,7,96,96
37272,1208,6,8,5,3,3,0,7,96,96
37277,1208,2,8,10,2,0,0,8,96,96
37281,1208,6,9,3,5,2,2,8,96,96
37282,1208,5,8,6,6,2,1,8,96,96
37284,1208,5,9,10,7,10,10,6,96,96
37287,1208,4,7,6,2,1,0,6,96,96
37290,1208,2,8,9,4,2,3,8,96,96
37291,1208,0,0,0,0,0,0,0,96,96
37296,1208,4,7,7,6,3,2,98,96,96
37299,1208,4,6,7,5,3,1,7,96,96
37308,1208,7,6,6,7,7,7,6,96,96
37317,1208,6,8,9,2,4,1,7,96,96
37319,1208,5,10,9,4,1,0,10,96,96
37322,1208,3,10,10,5,0,0,10,96,96
37328,1208,5,6,8,0,0,0,5,96,96
37334,1208,4,7,8,2,3,1,8,96,96
37338,1208,5,7,7,5,2,1,9,96,96
37352,1208,6,9,10,5,8,3,7,96,96
37357,1208,6,8,8,5,3,0,7,96,96
37362,1208,5,6,9,4,4,0,9,96,96
37366,1208,6,9,8,5,3,1,7,96,96
37379,1208,98,98,98,98,98,98,98,96,96
37383,1208,0,6,0,4,0,2,0,96,96
37384,1208,1,9,4,4,3,3,7,96,96
37387,1208,3,7,5,5,2,1,8,96,96
37416,1208,3,8,6,2,2,2,9,96,96
37417,1208,6,0,98,2,7,98,98,96,96
37444,1208,5,8,9,6,2,1,8,96,96
37465,1208,5,8,8,6,3,1,7,96,96
37473,1208,98,98,98,98,98,98,98,96,96
37475,1208,6,8,6,6,3,2,8,96,96
37480,1208,0,10,10,5,2,2,10,96,96
37481,1208,4,7,8,5,4,2,7,96,96
37487,1208,6,10,10,10,6,2,10,96,96
37490,1208,4,1,1,1,9,1,1,96,96
37492,1208,4,7,6,5,3,0,7,96,96
37495,1208,8,1,5,3,9,5,3,96,96
37497,1208,10,0,0,6,10,10,0,96,96
37502,1208,10,1,4,1,10,7,2,96,96
37504,1208,2,2,10,5,2,2,6,96,96
37507,1208,2,4,3,0,98,98,98,96,96
37511,1208,6,8,2,3,4,6,6,96,96
37514,1208,6,0,6,4,6,6,4,96,96
37517,1208,6,8,9,6,4,2,8,96,96
37518,1208,3,10,10,3,3,0,9,96,96
37524,1208,4,7,8,5,5,1,8,96,96
37533,1208,10,0,0,98,98,98,98,96,96
37539,1208,10,1,3,5,7,8,5,96,96
37545,1208,98,98,98,98,98,98,98,96,96
37551,1208,5,10,10,5,2,0,10,96,96
37556,1208,98,98,98,98,98,98,98,96,96
37565,1208,6,6,6,6,6,6,6,96,96
37567,1208,8,8,6,9,6,3,7,96,96
37579,1208,5,2,8,3,1,3,4,96,96
37581,1208,0,0,0,98,8,9,5,96,96
37582,1208,2,7,6,5,2,0,7,96,96
37585,1208,6,5,4,3,6,6,5,96,96
37586,1208,7,10,10,6,2,1,10,96,96
37589,1208,4,6,5,5,4,0,10,96,96
37591,1208,6,8,7,6,8,8,7,96,96
37592,1208,5,6,8,4,2,0,8,96,96
37595,1208,10,0,0,6,10,10,0,96,96
37596,1208,2,5,3,2,6,6,5,96,96
37598,1208,0,0,7,0,0,0,3,96,96
37611,1208,3,8,8,5,3,1,5,96,96
37615,1208,98,98,98,98,98,98,98,96,96
37616,1208,98,98,98,98,98,98,98,96,96
37629,1208,5,7,6,2,3,0,7,96,96
37650,1208,2,3,8,0,0,0,10,96,96
37664,1208,4,8,8,5,2,1,9,96,96
37682,1208,9,1,3,2,8,6,4,96,96
37685,1208,6,8,7,5,2,0,8,96,96
37687,1208,98,3,8,5,1,0,7,96,96
37692,1208,6,7,10,5,0,0,9,96,96
37711,1208,8,0,1,5,7,5,5,96,96
37712,1208,5,6,7,5,1,0,8,96,96
37716,1208,4,6,4,6,3,2,7,96,96
37731,1208,5,8,10,6,4,2,8,96,96
37742,1208,2,7,6,6,2,0,6,96,96
37743,1208,1,10,8,3,8,10,2,96,96
37759,1208,10,0,5,0,9,5,5,96,96
37765,1208,6,98,98,5,98,5,98,96,96
37769,1208,5,7,9,6,1,0,6,96,96
37771,1208,7,10,10,10,3,0,10,96,96
37777,1208,5,5,5,5,5,5,5,96,96
37791,1208,7,0,10,1,8,6,0,96,96
37793,1208,2,8,10,4,1,0,9,96,96
37798,1208,5,8,10,4,2,1,8,96,96
37801,1208,3,5,6,4,3,2,7,96,96
37808,1208,5,7,10,0,2,0,7,96,96
37814,1208,0,0,0,10,3,2,0,96,96
37827,1208,98,98,98,98,98,98,98,96,96
37828,1208,5,8,6,6,4,5,5,96,96
37834,1208,0,10,10,0,4,5,7,96,96
37844,1208,6,7,10,7,2,0,8,96,96
37845,1208,5,0,98,5,98,98,98,96,96
37849,1208,10,0,0,10,10,10,0,96,96
37852,1208,0,0,0,0,0,0,0,96,96
37854,1208,98,98,98,98,98,98,98,96,96
37860,1208,4,8,10,5,2,0,7,96,96
37866,1208,2,6,8,3,98,98,98,96,96
37872,1208,5,8,10,7,3,2,8,96,96
37885,1208,5,7,8,5,3,2,7,96,96
37892,1208,5,9,8,5,4,2,8,96,96
37896,1208,4,7,7,5,3,1,8,96,96
37898,1208,9,8,9,8,7,8,9,96,96
37900,1208,3,7,9,4,2,0,8,96,96
37901,1208,4,6,9,5,1,0,7,96,96
37903,1208,7,4,1,6,8,10,4,96,96
37905,1208,8,6,3,4,2,2,2,96,96
37916,1208,4,4,98,2,4,5,7,96,96
37934,1208,6,10,7,6,1,0,10,96,96
37939,1208,0,9,10,6,3,3,7,96,96
37942,1208,98,98,98,98,98,98,98,96,96
37945,1208,4,7,9,5,2,0,7,96,96
37949,1208,6,5,4,5,6,7,3,96,96
37958,1208,8,6,8,5,7,6,4,96,96
37963,1208,0,8,8,2,2,3,7,96,96
37973,1208,98,98,98,98,98,98,98,96,96
37982,1208,5,8,6,5,2,0,6,96,96
37992,1208,0,8,10,6,0,0,4,96,96
37998,1208,5,6,7,1,3,1,6,96,96
38002,1208,10,3,3,4,10,6,4,96,96
38018,1208,4,6,9,5,2,1,7,96,96
38021,1208,98,98,98,98,98,98,98,96,96
38022,1208,6,1,2,8,7,5,8,96,96
38024,1208,4,3,2,2,3,3,3,96,96
38031,1208,0,1,0,1,0,0,0,96,96
38036,1208,98,98,98,98,98,98,98,96,96
38038,1208,5,8,10,6,3,2,9,96,96
38042,1208,5,6,8,98,2,1,7,96,96
38046,1208,3,10,98,5,2,0,10,96,96
38049,1208,8,4,8,1,2,3,2,96,96
38056,1208,98,5,98,98,98,98,98,96,96
38060,1208,4,7,9,5,3,1,8,96,96
38062,1208,7,7,9,6,3,0,8,96,96
38063,1208,98,98,98,98,98,98,98,96,96
38071,1208,2,10,7,4,2,2,8,96,96
38085,1208,0,1,10,1,3,0,5,96,96
38088,1208,5,3,8,1,3,6,8,96,96
38098,1208,6,8,10,6,3,1,8,96,96
38100,1208,3,10,9,0,98,3,7,96,96
38102,1208,5,4,7,9,4,9,4,96,96
38104,1208,4,6,8,98,3,1,98,96,96
38117,1208,10,0,5,7,0,8,1,96,96
38120,1208,0,10,10,10,0,3,5,96,96
38125,1208,5,8,10,7,3,1,9,96,96
38130,1208,8,1,0,3,5,1,9,96,96
38145,1208,4,6,7,3,8,98,5,96,96
38149,1208,4,7,6,5,3,2,7,96,96
38155,1208,6,7,9,5,2,1,6,96,96
38156,1208,4,7,10,4,3,2,10,96,96
38157,1208,6,2,8,5,1,1,7,96,96
38161,1208,98,98,98,98,98,98,98,96,96
38165,1208,5,7,7,6,0,0,7,96,96
38172,1208,3,7,9,4,2,0,6,96,96
38173,1208,4,4,6,4,4,4,4,96,96
38181,1208,8,2,5,4,7,3,6,96,96
38189,1208,5,7,9,1,1,0,7,96,96
38193,1208,0,10,10,0,1,0,9,96,96
38194,1208,3,7,9,4,1,0,7,96,96
38199,1208,5,6,9,4,2,0,7,96,96
38200,1208,3,5,8,4,2,1,4,96,96
38232,1208,5,6,5,3,3,2,6,96,96
38235,1208,10,0,0,5,8,9,0,96,96
38245,1208,8,1,3,6,10,10,0,96,96
38277,1208,8,8,10,4,1,0,10,96,96
38278,1208,1,1,1,1,1,1,1,96,96
38291,1208,98,98,98,98,98,98,98,96,96
38293,1208,0,5,10,0,0,5,10,96,96
38307,1208,5,5,5,5,5,5,4,96,96
38308,1208,2,10,3,8,2,1,6,96,96
38320,1208,4,7,9,2,2,0,6,96,96
38323,1208,10,0,3,1,2,0,1,96,96
38328,1208,9,2,0,10,6,8,7,96,96
38342,1208,98,98,98,98,98,98,98,96,96
38354,1208,10,0,0,2,10,8,5,96,96
38369,1208,5,5,5,5,98,98,98,96,96
38403,1208,7,3,5,3,7,7,4,96,96
38422,1208,98,98,98,98,98,98,98,96,96
38448,1208,5,3,10,3,3,2,5,96,96
38451,1208,98,98,98,98,98,98,98,96,96
38456,1208,3,8,10,0,3,0,8,96,96
38472,1208,5,7,9,5,3,0,8,96,96
38473,1208,1,3,6,1,2,2,8,96,96
38476,1208,6,4,3,0,0,0,4,96,96
38497,1208,0,10,10,10,0,0,8,96,96
38499,1208,98,98,98,98,98,98,98,96,96
38505,1208,10,0,5,5,8,7,4,96,96
38506,1208,98,98,98,98,98,98,98,96,96
38521,1208,1,9,9,5,2,1,8,96,96
38525,1208,5,5,5,5,5,5,5,96,96
38526,1208,3,8,8,5,0,0,7,96,96
38527,1208,5,7,5,6,3,1,9,96,96
38533,1208,3,7,7,3,3,2,7,96,96
38540,1208,4,5,6,5,4,2,4,96,96
38544,1208,0,9,9,0,7,0,8,96,96
38546,1208,98,98,98,98,98,98,98,96,96
38548,1208,7,3,1,5,8,8,98,96,96
38549,1208,98,98,98,98,98,1,98,96,96
38551,1208,4,7,8,5,2,1,7,96,96
38558,1208,0,10,10,5,0,0,10,96,96
38570,1208,0,5,0,10,0,0,0,96,96
38585,1208,4,7,8,1,1,1,5,96,96
38605,1208,0,2,4,0,0,0,0,96,96
38614,1208,1,1,10,1,1,1,1,96,96
38615,1208,3,2,98,3,98,98,98,96,96
38629,1208,3,6,3,4,2,1,7,96,96
38632,1208,4,9,10,3,1,1,9,96,96
38642,1208,3,9,7,6,0,0,7,96,96
38652,1208,5,10,10,3,4,0,7,96,96
38655,1208,3,8,2,5,2,1,7,96,96
38661,1208,3,8,8,98,98,98,98,96,96
38674,1208,5,8,10,6,2,0,9,96,96
38688,1208,10,4,5,4,8,3,5,96,96
38692,1208,5,8,10,8,2,1,10,96,96
38694,1208,10,3,2,3,3,3,2,96,96
38695,1208,5,8,6,6,6,8,6,96,96
38704,1208,4,6,7,5,3,1,6,96,96
38705,1208,98,98,98,98,98,98,98,96,96
38707,1208,4,6,8,3,98,0,7,96,96
38708,1208,9,1,2,7,7,4,98,96,96
38709,1208,5,7,10,5,2,0,8,96,96
38714,1208,0,7,98,98,98,98,7,96,96
38715,1208,98,6,8,4,2,2,7,96,96
38718,1208,10,0,2,7,10,10,0,96,96
38720,1208,5,6,8,3,2,0,7,96,96
38721,1208,7,3,2,2,7,3,4,96,96
38723,1208,4,10,9,7,2,1,8,96,96
38731,1208,5,4,5,6,1,0,8,96,96
38733,1208,3,8,10,4,1,1,9,96,96
38739,1208,9,3,7,2,7,4,4,96,96
38742,1208,5,7,3,6,4,3,8,96,96
38749,1208,4,7,9,5,2,1,7,96,96
38752,1208,98,98,98,98,98,98,98,96,96
38756,1208,3,5,4,2,2,1,5,96,96
38759,1208,5,10,10,0,0,2,10,96,96
38760,1208,10,0,3,6,10,10,3,96,96
38764,1208,6,4,4,6,7,8,5,96,96
38766,1208,6,9,10,6,3,0,8,96,96
38768,1208,2,3,7,1,7,7,4,96,96
38769,1208,10,1,5,3,10,5,5,96,96
38773,1208,98,98,98,98,98,98,98,96,96
38780,1208,8,4,7,7,8,9,4,96,96
38782,1208,5,1,1,8,8,10,2,96,96
38787,1208,98,98,98,98,98,98,98,96,96
38789,1208,9,0,3,0,0,6,0,96,96
38791,1208,4,9,9,9,98,3,98,96,96
38796,1208,4,8,6,3,0,0,7,96,96
38806,1208,7,9,10,6,5,1,10,96,96
38808,1208,98,98,98,98,5,5,98,96,96
38811,1208,10,0,7,3,3,3,3,96,96
38812,1208,6,1,0,6,7,10,0,96,96
38823,1208,2,9,10,4,1,0,9,96,96
38833,1208,5,6,8,5,2,0,8,96,96
38840,1208,10,0,3,4,3,6,0,96,96
38855,1208,3,6,8,0,0,0,6,96,96
38858,1208,3,10,10,1,0,0,9,96,96
38864,1208,6,3,3,7,7,1,1,96,96
38866,1208,2,8,9,2,2,2,8,96,96
38887,1208,6,7,10,0,1,0,1,96,96
38888,1208,9,3,5,3,98,98,98,96,96
38889,1208,4,8,10,6,2,1,7,96,96
38906,1208,4,9,8,5,2,3,9,96,96
38918,1208,5,7,9,3,3,2,7,96,96
38923,1208,10,0,0,0,8,5,2,96,96
38925,1208,0,10,10,7,0,0,0,96,96
38935,1208,6,7,9,6,3,1,6,96,96
38936,1208,6,7,5,7,5,3,2,96,96
38944,1208,1,1,10,1,0,0,0,96,96
38965,1208,7,7,2,6,7,8,8,96,96
38973,1208,4,8,9,5,1,0,9,96,96
38978,1208,5,7,4,98,3,1,7,96,96
38980,1208,5,6,8,6,1,0,8,96,96
38981,1208,5,5,9,2,3,0,8,96,96
38983,1208,98,98,98,98,98,98,98,96,96
38990,1208,4,8,9,6,2,1,8,96,96
38995,1208,0,4,10,1,1,0,2,96,96
38999,1208,6,4,3,3,6,4,4,96,96
39000,1208,5,9,10,5,1,0,7,96,96
39011,1208,4,7,8,5,2,1,7,96,96
39018,1208,7,2,5,4,8,10,4,96,96
39022,1208,4,6,98,98,4,3,98,96,96
39053,1208,10,7,10,6,2,0,8,96,96
39064,1208,98,98,98,98,98,98,98,96,96
39076,1208,4,6,5,0,0,0,5,96,96
39078,1208,6,1,5,98,8,10,2,96,96
39103,1208,4,6,5,5,4,2,6,96,96
39119,1208,5,7,10,6,3,1,8,96,96
39121,1208,98,98,98,98,98,98,98,96,96
39132,1208,9,7,9,8,8,7,8,96,96
39150,1208,6,7,8,6,4,2,7,96,96
39156,1208,6,10,10,10,3,1,10,96,96
39160,1208,4,7,6,6,2,0,7,96,96
39163,1208,98,98,98,98,98,98,98,96,96
39172,1208,5,8,10,5,1,1,7,96,96
39192,1208,1,7,10,2,6,2,3,96,96
39199,1208,3,6,9,6,3,9,98,96,96
39208,1208,5,5,7,6,3,2,8,96,96
39222,1208,4,0,0,0,5,7,0,96,96
39242,1208,0,5,8,4,0,2,5,96,96
39259,1208,98,10,10,98,98,98,10,96,96
39279,1208,7,8,6,5,3,0,8,96,96
39280,1208,4,4,2,2,4,7,2,96,96
39287,1208,98,98,98,98,98,98,98,96,96
39290,1208,5,10,9,3,3,1,7,96,96
39305,1208,98,98,98,98,98,98,98,96,96
39308,1208,3,8,8,5,3,1,9,96,96
39311,1208,2,4,5,0,3,3,0,96,96
39314,1208,5,0,3,2,4,4,3,96,96
39331,1208,4,8,8,0,3,0,6,96,96
39336,1208,98,98,98,98,98,98,98,96,96
39343,1208,3,6,9,7,3,0,7,96,96
39345,1208,10,0,5,2,6,5,8,96,96
39380,1208,5,9,8,4,6,5,6,96,96
39389,1208,10,3,98,0,7,5,3,96,96
39397,1208,4,7,5,5,2,0,5,96,96
39403,1208,8,5,3,0,10,10,3,96,96
39406,1208,9,10,10,10,6,6,6,96,96
39418,1208,4,6,5,4,3,0,7,96,96
39422,1208,7,2,3,4,0,0,0,96,96
39423,1208,10,1,2,3,10,10,5,96,96
39438,1208,4,6,10,6,3,2,7,96,96
39441,1208,4,7,6,5,1,0,7,96,96
39451,1208,6,9,6,5,3,1,8,96,96
39456,1208,7,4,3,5,98,98,4,96,96
39458,1208,6,8,8,3,2,1,10,96,96
39462,1208,6,5,5,5,6,7,6,96,96
39472,1208,0,10,10,3,1,3,8,96,96
39475,1208,7,4,3,0,10,98,98,96,96
39476,1208,9,0,2,5,5,3,4,96,96
39483,1208,4,4,7,0,6,5,7,96,96
39485,1208,4,7,10,3,4,0,6,96,96
39488,1208,5,7,6,5,3,1,7,96,96
39491,1208,4,9,7,5,3,0,7,96,96
39496,1208,4,6,9,2,2,0,7,96,96
39507,1208,10,0,0,10,0,2,0,96,96
39508,1208,6,7,8,6,3,2,6,96,96
39511,1208,4,7,8,5,3,1,4,96,96
39514,1208,4,8,10,5,3,2,7,96,96
39520,1208,9,5,1,6,8,9,4,96,96
39533,1208,4,6,10,5,3,0,8,96,96
39537,1208,98,98,98,98,98,98,98,96,96
39542,1208,4,5,6,0,2,2,7,96,96
39546,1208,6,6,9,4,2,0,7,96,96
39553,1208,5,5,5,6,4,9,8,96,96
39556,1208,5,8,9,3,1,0,6,96,96
39575,1208,5,6,8,5,3,1,7,96,96
39597,1208,6,10,10,9,0,0,0,96,96
39602,1208,5,6,7,5,4,3,6,96,96
39605,1208,5,6,9,5,3,0,8,96,96
39619,1208,3,7,10,5,2,0,9,96,96
39624,1208,4,6,7,4,2,9,7,96,96
39634,1208,6,7,8,5,9,1,8,96,96
39645,1208,3,7,6,5,3,0,9,96,96
39658,1208,5,7,8,6,4,2,7,96,96
39674,1208,5,5,5,5,5,0,5,96,96
39688,1208,6,7,7,1,1,0,8,96,96
39689,1208,98,98,98,98,98,98,98,96,96
39692,1208,6,7,9,5,2,0,7,96,96
39694,1208,4,6,5,4,3,1,7,96,96
39707,1208,5,5,5,5,5,5,5,96,96
39713,1208,4,10,7,5,0,0,10,96,96
39740,1208,5,8,7,6,3,2,8,96,96
39742,1208,5,8,10,6,1,0,8,96,96
39755,1208,98,98,98,98,98,98,98,96,96
39756,1208,98,98,98,98,98,98,98,96,96
39769,1208,3,7,8,7,3,0,6,96,96
39770,1208,6,8,6,7,3,0,7,96,96
39799,1208,2,8,7,0,4,98,6,96,96
39848,1208,8,7,6,4,4,4,6,96,96
39861,1208,98,98,98,98,98,98,98,96,96
39862,1208,4,6,10,5,1,0,7,96,96
39875,1208,8,8,9,9,9,8,9,96,96
39889,1208,8,7,6,8,7,7,8,96,96
39892,1208,10,10,10,10,10,10,5,96,96
39902,1208,6,8,8,6,7,4,5,96,96
39906,1208,2,2,10,2,6,6,5,96,96
39922,1208,3,7,9,5,2,0,7,96,96
39933,1208,9,1,7,2,9,9,9,96,96
39968,1208,6,1,6,6,6,5,7,96,96
39980,1208,7,8,7,4,4,1,7,96,96
40016,1208,1,3,3,3,3,10,4,96,96
40034,1208,6,7,8,1,3,2,7,96,96
40047,1208,5,7,8,6,4,3,7,96,96
40062,1208,7,7,9,9,9,8,6,96,96
40086,1208,2,10,3,5,4,6,3,96,96
40088,1208,8,7,9,10,8,10,9,96,96
40089,1208,2,9,6,5,2,1,8,96,96
40120,1208,5,7,9,4,2,0,7,96,96
40140,1208,4,6,7,5,3,2,8,96,96
40146,1208,5,6,8,2,3,1,9,96,96
40168,1208,10,10,10,10,10,10,10,96,96
40284,1208,4,6,5,98,2,0,7,96,96
40325,1208,3,7,9,7,3,0,7,96,96
40340,1208,98,98,98,4,5,5,5,96,96
40406,1208,4,10,8,5,2,0,8,96,96
40424,1208,6,10,7,3,6,4,9,96,96
40483,1208,6,4,8,6,2,5,8,96,96
40502,1208,5,7,98,98,2,0,9,96,96
40564,1208,7,9,4,5,8,5,7,96,96
40572,1208,5,1,4,5,10,10,0,96,96
40590,1208,4,4,5,3,6,4,5,96,96
40633,1208,4,8,5,5,2,0,8,96,96
40663,1208,8,5,8,6,2,5,7,96,96
40717,1208,5,5,10,2,2,0,9,96,96
40807,1208,98,98,98,98,98,98,98,96,96
40820,1208,6,7,6,5,3,1,7,96,96
40852,1208,4,6,98,5,2,1,7,96,96
40859,1208,5,7,9,4,3,1,8,96,96
40956,1208,8,0,3,3,7,3,7,96,96
40980,1208,2,0,0,0,0,0,0,96,96
41045,1208,0,4,5,0,8,6,3,96,96
41090,1208,7,3,2,4,7,9,3,96,96
41104,1208,7,0,4,0,0,0,0,96,96
41231,1208,0,0,0,5,0,0,10,96,96
41274,1208,7,8,10,4,2,0,7,96,96
41359,1208,8,7,8,8,8,9,7,96,96
41511,1208,3,7,9,5,3,0,5,96,96
41543,1208,0,10,10,3,0,98,7,96,96
41575,1208,0,0,98,1,5,5,5,96,96
41579,1208,0,10,10,6,2,0,7,96,96
41670,1208,5,6,7,0,0,0,0,96,96
41671,1208,3,7,9,4,4,7,5,96,96
41683,1208,10,10,10,10,10,10,10,96,96
41698,1208,4,7,6,2,1,1,7,96,96
41753,1208,6,7,10,7,3,1,8,96,96
41768,1208,5,5,5,5,5,5,5,96,96
41781,1208,4,7,5,5,5,5,5,96,96
41838,1208,98,98,98,98,98,98,98,96,96
41861,1208,5,2,1,2,4,6,0,96,96
41936,1208,1,8,7,5,0,0,8,96,96
42039,1208,4,7,7,5,3,1,6,96,96
42073,1208,4,10,9,3,1,0,5,96,96
42100,1208,1,1,8,2,1,8,2,96,96
42123,1208,10,0,0,2,10,0,7,96,96
42252,1208,5,7,7,7,2,0,8,96,96
42278,1208,8,5,4,5,6,5,4,96,96
42324,1208,10,10,10,10,10,10,10,96,96
42391,1208,3,5,3,4,2,0,7,96,96
42408,1208,5,7,9,6,2,1,8,96,96
